WKT,of_Students,Owner_Name,Facility_Identifier,State_Name,Last_Editor,Facility_Area,Feature_Code,Full_Address,Name_of_Facility,Last_Update_Date,Capture_Method,Owner_Type,Municipality_Name,Location_Type,Description,Shape_X,Shape_Y
"POINT (-10680454.0429971 4321321.75002841)",,,,OK,CBALSIGER,,College / University,800 S Tucker Dr,University of Tulsa,2016/04/22 19:14:36,Placed on Map,,Tulsa,Building,,-10680454.043,4321321.75003
"POINT (-10685294.3052419 4323127.07558101)",,,,OK,Kate Borland,,College / University,700 N Greenwood Ave,Oklahoma State University - Tulsa,2010/06/10 00:00:00,Placed on Map,,Tulsa,Building,,-10685294.3052,4323127.07558
"POINT (-10681379.0104253 4307607.05531825)",,,,OK,CBALSIGER,,College / University,7777 S Lewis Ave,Oral Roberts University,2016/04/22 19:01:31,Placed on Map,,Tulsa,Building,,-10681379.0104,4307607.05532
"POINT (-10673198.3596396 4324949.64287196)",,,,OK,CBALSIGER,,College / University,8820 E Pine St,Spartan College of Aeronatics and Technology,2016/04/22 19:06:53,Placed on Map,,Tulsa,Building,,-10673198.3596,4324949.64287
"POINT (-10679770.4211898 4327160.95874936)",,,,OK,CBALSIGER,,College / University,3727 E Apache St,Tulsa Community College - Northeast Campus,2016/04/22 19:10:02,Placed on Map,,Tulsa,Building,,-10679770.4212,4327160.95875
"POINT (-10685111.1738603 4320973.7942285)",,,,OK,CBALSIGER,,College / University,909 S Boston Ave,Tulsa Community College - Metro Campus,2016/04/22 19:09:02,Placed on Map,,Tulsa,Building,,-10685111.1739,4320973.79423
"POINT (-10685212.9199979 4320920.31776467)",,,,OK,CBALSIGER,,College / University,909 S Boston Ave,Tulsa Community College - Metro Campus,2016/04/22 19:09:41,Placed on Map,,Tulsa,Building,,-10685212.92,4320920.31776
"POINT (-10671446.6059135 4306655.80854668)",,,,OK,CBALSIGER,,College / University,10300 E 81st St,Tulsa Community College - Southeast Campus,2016/04/22 19:10:17,Placed on Map,,Tulsa,Building,,-10671446.6059,4306655.80855
"POINT (-10678274.1445888 4314648.52509408)",,,,OK,CBALSIGER,,College / University,4502 E 41st St,University of Oklahoma - Tulsa,2016/04/22 19:14:14,Placed on Map,,Tulsa,Building,,-10678274.1446,4314648.52509
"POINT (-10672936.4194495 4316162.71971735)",,,,OK,CBALSIGER,,School,8906 E 34th St,Town and Country School,2016/04/22 19:08:13,Placed on Map,,Tulsa,Building,"Private School, 1st-12th",-10672936.4194,4316162.71972
"POINT (-10689759.3498056 4323057.22350127)",,,,OK,CBALSIGER,,School,3101 W Edison St,Central Junior and High School,2016/03/15 00:00:00,Placed on Map,,Tulsa,Building,Public School,-10689759.3498,4323057.2235
"POINT (-10677983.9273962 4320923.73043643)",,,,OK,CBALSIGER,,School,1135 S Yale Ave,Street School,2016/04/22 19:07:23,Placed on Map,,Tulsa,Building,Public School,-10677983.9274,4320923.73044
"POINT (-10682331.8202591 4327294.2147598)",,,,OK,CBALSIGER,,School: Elementary,2703 N Yorktown Pl,Dual Language Academy,2016/04/22 18:46:18,Placed on Map,,Tulsa,Building,Public School,-10682331.8203,4327294.21476
"POINT (-10683791.2973661 4331698.69796063)",,,,OK,CBALSIGER,,School,4929 N Peoria Ave,McLain Junior and High School,2016/04/22 18:58:19,Placed on Map,,Tulsa,Building,Public School,-10683791.2974,4331698.69796
"POINT (-10681099.2400537 4329915.63831884)",,,,OK,CBALSIGER,,School: Middle School,2740 E 41st St N,Traice Academy,2016/04/22 19:08:38,Placed on Map,,Tulsa,Building,Public School,-10681099.2401,4329915.63832
"POINT (-10683720.3098483 4313377.51168354)",,,,OK,CBALSIGER,,School,1365 E 49th Pl,School of St. Mary,2016/04/22 19:05:42,Placed on Map,,Tulsa,Building,"Private School, K-8th",-10683720.3098,4313377.51168
"POINT (-10682213.3695535 4307809.49537274)",,,,OK,CBALSIGER,,School,7700 S Lewis Ave,Victory Christian,2016/04/22 19:15:49,Placed on Map,,Tulsa,Building,"Private School, K-12th",-10682213.3696,4307809.49537
"POINT (-10682638.7562069 4318172.13279597)",,,,OK,cbalsiger,,School,2520 S Yorktown Ave,Cascia Hall,2016/02/11 00:00:00,Placed on Map,,Tulsa,Building,"Private School, 6th-12th",-10682638.7562,4318172.1328
"POINT (-10682103.056557 4318721.84026599)",,,,OK,CBALSIGER,,School,2206 S Lewis Ave,Monte Cassino,2016/04/22 19:00:37,Placed on Map,,Tulsa,Building,"Private School, k3-8th",-10682103.0566,4318721.84027
"POINT (-10687255.7124762 4324555.52733903)",,,,OK,CBALSIGER,,School,1205 W Newton St,Project Accept TRAICE,2016/04/22 19:02:57,Placed on Map,,Tulsa,Building,Public School,-10687255.7125,4324555.52734
"POINT (-10676443.5400098 4315318.18069102)",,,,OK,CBALSIGER,,Education Facility,6111 E Skelly Dr,Tulsa Community College Conference Center,2016/04/22 19:10:30,Placed on Map,,Tulsa,Building,,-10676443.54,4315318.18069
"POINT (-10676876.1913262 4306841.83523301)",,,,OK,Kate Borland,,School,5666 E 81st St,Holland Hall,2010/06/10 00:00:00,Placed on Map,,Tulsa,Building,"Private School, Pre-12th",-10676876.1913,4306841.83523
"POINT (-10677184.8827282 4306812.53441703)",,,,OK,Kate Borland,,School,5666 E 81st St,Holland Hall,2010/06/10 00:00:00,Placed on Map,,Tulsa,Building,Private School,-10677184.8827,4306812.53442
"POINT (-10674813.9878738 4311868.64434599)",,,,OK,CBALSIGER,,School: Middle School,7502 E 57th St,Memorial Junior High,2016/04/22 18:59:00,Placed on Map,,Tulsa,Building,Public School,-10674813.9879,4311868.64435
"POINT (-10683598.5315925 4319904.38811555)",,,,OK,,,School,1519 S Quincy Ave,Marquette School,,Placed on Map,,Tulsa,Building,"Private School, Pre-8th",-10683598.5316,4319904.38812
"POINT (-10683120.7264249 4310289.98859792)",,,,OK,CBALSIGER,,School,6363 S Trenton Ave,Metro Christian Academy,2016/04/22 18:59:24,Placed on Map,,Tulsa,Building,"Private School, P3-12th",-10683120.7264,4310289.9886
"POINT (-10676348.7847423 4326083.71769987)",,,,OK,CBALSIGER,,School,6201 E Virgin St,Tulsa MET Junior and High School,2016/04/22 19:11:04,Placed on Map,,Tulsa,Building,Public School,-10676348.7847,4326083.7177
"POINT (-10680384.5978028 4312086.77030892)",,,,OK,CBALSIGER,,School: Elementary,3111 E 56th St,Eisenhower International,2016/04/22 18:48:15,Placed on Map,,Tulsa,Building,Public School,-10680384.5978,4312086.77031
"POINT (-10674624.1396066 4306061.2715742)",,,,OK,CBALSIGER,,School: Elementary,7625 E 87th St,Darnaby Elementary,2016/04/22 18:45:52,Placed on Map,,Tulsa,Building,Public School,-10674624.1396,4306061.27157
"POINT (-10680129.7100699 4312060.76065555)",,,,OK,CBALSIGER,,School: Elementary,3213 E 56th St,Grimes Elementary,2016/04/22 18:49:21,Placed on Map,,Tulsa,Building,Public School,-10680129.7101,4312060.76066
"POINT (-10679921.4369178 4305281.93396413)",,,,OK,Kate Borland,,School: Elementary,8925 S Harvard Ave,Jenks East Elementary,2010/06/10 00:00:00,Placed on Map,,Tulsa,Building,Public School,-10679921.4369,4305281.93396
"POINT (-10672859.1207646 4307587.90995019)",,,,OK,Kate Borland,,School: Elementary,9015 E 79th St,Jarman Elementary,2010/06/10 00:00:00,Placed on Map,,Tulsa,Building,Public School,-10672859.1208,4307587.90995
"POINT (-10676917.5669758 4315893.46867541)",,,,OK,Kate Borland,,School: Elementary,3613 S Hudson Ave,Zarrow International,2010/06/10 00:00:00,Placed on Map,,Tulsa,Building,Public School,-10676917.567,4315893.46868
"POINT (-10689257.6796631 4313366.88233317)",,,,OK,CBALSIGER,,School: Elementary,2721 W 50th St,Robertson Elementary,2016/04/22 19:04:08,Placed on Map,,Tulsa,Building,Public School,-10689257.6797,4313366.88233
"POINT (-10666943.7778604 4313912.33814013)",,,,OK,CBALSIGER,,School: Elementary,13702 E 46th Pl S,Rosa Parks Elementary,2016/04/22 19:04:37,Placed on Map,,Tulsa,Building,Public School,-10666943.7779,4313912.33814
"POINT (-10674539.8648182 4311841.79722757)",,,,OK,CBALSIGER,,School: Elementary,7625 E 58th St,Salk Elementary,2016/04/22 19:05:23,Placed on Map,,Tulsa,Building,Public School,-10674539.8648,4311841.79723
"POINT (-10669376.2861625 4318107.64450977)",,,,OK,CBALSIGER,,School: Elementary,11702 E 25th St,Disney Elementary,2016/04/22 18:46:04,Placed on Map,,Tulsa,Building,Public School,-10669376.2862,4318107.64451
"POINT (-10672877.9732881 4317450.33755226)",,,,OK,CBALSIGER,,School: Elementary,2714 S 90th E Ave,Skelly (PreK-1st),2016/04/22 19:06:29,Placed on Map,,Tulsa,Building,Public School,-10672877.9733,4317450.33755
"POINT (-10672893.6283361 4317144.10587118)",,,,OK,CBALSIGER,,School: Elementary,2940 S 90th E Ave,Skelly (2nd-6th),2016/04/22 19:06:15,Placed on Map,,Tulsa,Building,Public School,-10672893.6283,4317144.10587
"POINT (-10682668.4629479 4327609.32473608)",,,,OK,Kate Borland,,School: Elementary,1921 E 29th St N,Anderson Elementary,2010/06/10 00:00:00,Placed on Map,,Tulsa,Building,Public School,-10682668.4629,4327609.32474
"POINT (-10684114.5998148 4328593.90780382)",,,,OK,CBALSIGER,,School: Elementary,1105 E 33rd St N,Hawthorne Elementary,2016/04/22 18:50:46,Placed on Map,,Tulsa,Building,Public School,-10684114.5998,4328593.9078
"POINT (-10691106.2482107 4322308.58352987)",,,,OK,Kate Borland,,School: Elementary,4132 W Cameron St,Chouteau Elementary,2010/06/10 00:00:00,Placed on Map,,Tulsa,Building,Public School,-10691106.2482,4322308.58353
"POINT (-10691055.718176 4321137.60252826)",,,,OK,CBALSIGER,,School: Elementary,541 S 43rd W Ave,Mark Twain Elementary,2016/04/22 18:56:37,Placed on Map,,Tulsa,Building,Public School,-10691055.7182,4321137.60253
"POINT (-10675165.8977538 4318594.82883572)",,,,OK,CBALSIGER,,School: Elementary,2182 S 73rd E Ave,MacArthur Elementary,2016/04/22 18:55:58,Placed on Map,,Tulsa,Building,Public School,-10675165.8978,4318594.82884
"POINT (-10667469.6257035 4316112.48167078)",,,,OK,Kate Borland,,School: Elementary,3433 S 133rd E Ave,Boevers Elementary,2010/06/10 00:00:00,Placed on Map,,Tulsa,Building,Public School,-10667469.6257,4316112.48167
"POINT (-10668960.2585883 4316366.55494361)",,,,OK,Kate Borland,,School: Elementary,3303 S 121st E Ave,Briarglen Elementary,2010/06/10 00:00:00,Placed on Map,,Tulsa,Building,Public School,-10668960.2586,4316366.55494
"POINT (-10686079.1169585 4332872.30712759)",,,,OK,CBALSIGER,,School: Elementary,5550 N Martin Luther King Jr Blvd,Gilcrease Elementary,2016/04/22 18:49:06,Placed on Map,,Tulsa,Building,Public School,-10686079.117,4332872.30713
"POINT (-10686046.704783 4332523.17404435)",,,,OK,CBALSIGER,,School: Elementary,5402 N Martin Luther King Jr Blvd,ECDC Bunche,2016/04/22 18:47:21,Placed on Map,,Tulsa,Building,Public School,-10686046.7048,4332523.17404
"POINT (-10688085.9873261 4325553.40333851)",,,,OK,cbalsiger,,School: Elementary,1789 W Seminole St,Academy Central Elementary,2016/02/04 00:00:00,Placed on Map,,Tulsa,Building,Public School,-10688085.9873,4325553.40334
"POINT (-10686126.9749432 4325895.28406283)",,,,OK,cbalsiger,,School: Elementary,1924 N Martin Luther King Jr Blvd,Burroughs Elementary,2016/02/04 00:00:00,Placed on Map,,Tulsa,Building,Public School,-10686126.9749,4325895.28406
"POINT (-10681184.6397105 4320825.15522994)",,,,OK,CBALSIGER,,School: Elementary,1127 S Columbia Ave,Mayo Demonstration School,2016/04/22 18:57:03,Placed on Map,,Tulsa,Building,Public School,-10681184.6397,4320825.15523
"POINT (-10687269.5638235 4322461.71935732)",,,,OK,CBALSIGER,,School,1202 W Easton St,Tulsa School of Arts and Sciences,2016/04/22 19:03:12,Placed on Map,,Tulsa,Building,Public School,-10687269.5638,4322461.71936
"POINT (-10686046.704783 4332523.17404435)",,,,OK,CBALSIGER,,School: Elementary,909 N Boston Ave,Emerson (Bunche Campus),2016/04/22 18:48:36,Placed on Map,,Tulsa,Building,Public School,-10686046.7048,4332523.17404
"POINT (-10682635.5783553 4310853.60661539)",,,,OK,CBALSIGER,,School: Elementary,1770 E 61st St,McClure Elementary,2016/04/22 18:57:33,Placed on Map,,Tulsa,Building,Public School,-10682635.5784,4310853.60662
"POINT (-10684106.1696983 4311869.66263631)",,,,OK,CBALSIGER,,School: Elementary,1142 E 56th St,Marshall Elementary,2016/04/22 18:56:49,Placed on Map,,Tulsa,Building,Public School,-10684106.1697,4311869.66264
"POINT (-10679458.6682863 4314863.58463626)",,,,OK,CBALSIGER,,School: Elementary,3820 E 41st St,Patrick Henry Elementary,2016/04/22 19:02:13,Placed on Map,,Tulsa,Building,Public School,-10679458.6683,4314863.58464
"POINT (-10684243.3928703 4314062.28353031)",,,,OK,CBALSIGER,,School: Elementary,1110 E 45th Pl,Wright Elementary,2016/04/22 19:16:51,Placed on Map,,Tulsa,Building,Public School,-10684243.3929,4314062.28353
"POINT (-10683566.452708 4315920.85049702)",,,,OK,CBALSIGER,,School: Elementary,1442 E 36th St,Eliot Elementary,2016/04/22 18:48:26,Placed on Map,,Tulsa,Building,Public School,-10683566.4527,4315920.8505
"POINT (-10682348.8303317 4331440.0094735)",,,,OK,CBALSIGER,,School: Elementary,2138 E 48th St N,Penn Elementary,2016/04/22 19:02:44,Placed on Map,,Tulsa,Building,Public School,-10682348.8303,4331440.00947
"POINT (-10684644.2587265 4329638.84618823)",,,,OK,CBALSIGER,,School: Elementary,3924 N Lansing Ave,Whitman Elementary,2016/04/22 19:16:23,Placed on Map,,Tulsa,Building,Public School,-10684644.2587,4329638.84619
"POINT (-10674940.5662784 4323409.30557135)",,,,OK,CBALSIGER,,School: Elementary,733 N 73rd E Ave,Mitchell Elementary,2016/04/22 18:59:41,Placed on Map,,Tulsa,Building,Public School,-10674940.5663,4323409.30557
"POINT (-10675702.3423046 4323900.3460655)",,,,OK,CBALSIGER,,School: Elementary,6703 E King St,McKinley Elementary,2016/04/22 18:57:43,Placed on Map,,Tulsa,Building,Public School,-10675702.3423,4323900.34607
"POINT (-10676289.2506723 4322558.19888901)",,,,OK,cbalsiger,,School: Elementary,6304 E Admiral Blvd,Bell Elementary,2016/01/29 00:00:00,Placed on Map,,Tulsa,Building,Public School,-10676289.2507,4322558.19889
"POINT (-10678189.0640942 4302725.92050369)",,,,OK,CBALSIGER,,School: Elementary,10222 S Yale Ave,Jenks Southeast Elementary,2016/04/22 18:52:30,Placed on Map,,Tulsa,Building,Public School,-10678189.0641,4302725.9205
"POINT (-10681713.4677465 4324935.01974874)",,,,OK,CBALSIGER,,School: Elementary,2510 E Pine St,Springdale Elementary,2016/04/22 19:07:06,Placed on Map,,Tulsa,Building,Public School,-10681713.4677,4324935.01975
"POINT (-10678930.3922449 4326094.29345488)",,,,OK,CBALSIGER,,School: Elementary,2137 N Pittsburg Ave,Jackson Elementary,2016/04/22 18:52:07,Placed on Map,,Tulsa,Building,Public School,-10678930.3922,4326094.29345
"POINT (-10680154.4200536 4325400.75654867)",,,,OK,cbalsiger,,School: Elementary,1740 N Harvard Ave,Celia Clinton Elementary,2016/01/28 00:00:00,Placed on Map,,Tulsa,Building,Public School,-10680154.4201,4325400.75655
"POINT (-10678366.2027087 4324176.33441153)",,,,OK,CBALSIGER,,School: Elementary,1132 N Vandalia Ave,Owen Elementary,2016/04/22 19:01:43,Placed on Map,,Tulsa,Building,Public School,-10678366.2027,4324176.33441
"POINT (-10676324.0419918 4326413.58038387)",,,,OK,CBALSIGER,,School: Elementary,2316 N Norwood Pl,Hamilton Elementary,2016/04/22 18:50:32,Placed on Map,,Tulsa,Building,Public School,-10676324.042,4326413.58038
"POINT (-10676493.9933761 4322441.19551484)",,,,OK,SDE,,School: Elementary,209 S Lakewood Ave,Bell Primary,2016/05/03 16:47:06,Placed on Map,,Tulsa,Building,Public School,-10676493.9934,4322441.19551
"POINT (-10678701.6340028 4312047.42866904)",,,,OK,CBALSIGER,,School: Elementary,4309 E 56th St,Carnegie Elementary,2016/03/15 00:00:00,Placed on Map,,Tulsa,Building,Public School,-10678701.634,4312047.42867
"POINT (-10687266.5450758 4318571.58783691)",,,,OK,CBALSIGER,,School: Elementary,2249 S Phoenix Ave,Eugene Field Elementary,2016/04/22 18:48:51,Placed on Map,,Tulsa,Building,Public School,-10687266.5451,4318571.58784
"POINT (-10677415.6389508 4318362.18326089)",,,,OK,CBALSIGER,,School: Elementary,2327 S Darlington Ave,Hoover Elementary,2016/04/22 18:51:54,Placed on Map,,Tulsa,Building,Public School,-10677415.639,4318362.18326
"POINT (-10681521.4514708 4321739.22318115)",,,,OK,CBALSIGER,,School: Elementary,2601 E 5th Pl,Kendall-Whittier Elementary,2016/04/22 18:52:56,Placed on Map,,Tulsa,Building,Public School,-10681521.4515,4321739.22318
"POINT (-10676884.8759078 4311797.51661565)",,,,OK,CBALSIGER,,School: Elementary,5702 S Irvington Ave,Key Elementary,2016/04/22 18:53:23,Placed on Map,,Tulsa,Building,Public School,-10676884.8759,4311797.51662
"POINT (-10679966.3489223 4319341.2807582)",,,,OK,CBALSIGER,,School: Elementary,1727 S Harvard Ave,Lanier Elementary,2016/04/22 18:54:05,Placed on Map,,Tulsa,Building,Public School,-10679966.3489,4319341.28076
"POINT (-10684848.2060633 4319129.94288934)",,,,OK,CBALSIGER,,School: Elementary,1920 S Cincininnati Ave,Lee Elementary,2016/04/22 18:54:26,Placed on Map,,Tulsa,Building,Public School,-10684848.2061,4319129.94289
"POINT (-10675156.9112497 4319898.53454351)",,,,OK,CBALSIGER,,School: Elementary,1515 S 71st E Ave,Jones Elementary,2016/04/22 18:52:46,Placed on Map,,Tulsa,Building,Public School,-10675156.9112,4319898.53454
"POINT (-10670887.7920495 4317748.37126574)",,,,OK,cbalsiger,,School: Elementary,10620 E 27th St,Columbus Elementary,2016/02/11 00:00:00,Placed on Map,,Tulsa,Building,Public School,-10670887.792,4317748.37127
"POINT (-10670600.5984541 4319551.10220974)",,,,OK,CBALSIGER,,School: Elementary,10818 E 17th St,Peary Elementary,2016/04/22 19:02:29,Placed on Map,,Tulsa,Building,Public School,-10670600.5985,4319551.10221
"POINT (-10668986.9126975 4319370.32953985)",,,,OK,CBALSIGER,,School: Elementary,1808 S 123rd E Ave,Cooper Elementary,2016/04/22 18:45:12,Placed on Map,,Tulsa,Building,Public School,-10668986.9127,4319370.32954
"POINT (-10669972.3046155 4321425.83494218)",,,,OK,CBALSIGER,,School: Elementary,737 S Garnett Rd,Lewis and Clark Elementary,2016/04/22 18:54:39,Placed on Map,,Tulsa,Building,Public School,-10669972.3046,4321425.83494
"POINT (-10672971.1972274 4321112.67533563)",,,,OK,CBALSIGER,,School: Elementary,931 S 89th E Ave,Lindbergh Elementary,2016/04/22 18:54:57,Placed on Map,,Tulsa,Building,Public School,-10672971.1972,4321112.67534
"POINT (-10670486.7601776 4321815.40604061)",,,,OK,CBALSIGER,,School: Elementary,10908 E 5th St,ECDC Reed,2016/04/22 18:47:36,Placed on Map,,Tulsa,Building,Public School,-10670486.7602,4321815.40604
"POINT (-10669760.8728018 4322273.99600936)",,,,OK,CBALSIGER,,School: Elementary,202 S 117th E Ave,Kerr Elementary,2016/04/22 18:53:11,Placed on Map,,Tulsa,Building,Public School,-10669760.8728,4322273.99601
"POINT (-10671437.626408 4315797.0175001)",,,,OK,CBALSIGER,,School: Elementary,3656 E 103rd E Ave,Roy Clark Elementary,2016/04/22 19:05:11,Placed on Map,,Tulsa,Building,Public School,-10671437.6264,4315797.0175
"POINT (-10681584.6154854 4323346.32336877)",,,,OK,CBALSIGER,,School: Elementary,724 N Birmingham Ave,Sequoyah Elementary,2016/04/22 19:05:56,Placed on Map,,Tulsa,Building,Public School,-10681584.6155,4323346.32337
"POINT (-10686197.2779223 4329101.5153665)",,,,OK,SDE,,School: Elementary,"1 W 36th St N, Suite 3",Drexel Academy,2016/08/19 14:09:43,Placed on Map,,Tulsa,Building,Public School,-10686197.2779,4329101.51537
"POINT (-10684687.685237 4305359.12865847)",,,,OK,CBALSIGER,,School: High School,801 E 91st St,Tulsa Technology Center - Riverside Campus,2016/04/22 19:13:27,Placed on Map,,Tulsa,Building,,-10684687.6852,4305359.12866
"POINT (-10679244.536323 4321795.07829156)",,,,OK,CBALSIGER,,School: High School,3909 E 5th Pl,Rogers College Junior/High,2016/04/22 19:16:40,Placed on Map,,Tulsa,Building,Public School,-10679244.5363,4321795.07829
"POINT (-10688332.5048198 4315225.91285585)",,,,OK,CBALSIGER,,School: High School,1919 W 40th St,Webster Middle/High School,2016/04/22 19:15:37,Placed on Map,,Tulsa,Building,Public School,-10688332.5048,4315225.91286
"POINT (-10677160.6490482 4311488.77675749)",,,,OK,CBALSIGER,,School: High School,5840 S Hudson Ave,Memorial High School,2016/04/22 18:58:44,Placed on Map,,Tulsa,Building,Public School,-10677160.649,4311488.77676
"POINT (-10674342.8488411 4316076.50824447)",,,,OK,CBALSIGER,,School: High School,3420 S Memorial Dr,Tulsa Technology Center - Lemley Campus,2016/04/22 19:13:38,Placed on Map,,Tulsa,Building,,-10674342.8488,4316076.50824
"POINT (-10683419.774424 4326534.83794688)",,,,OK,cbalsiger,,School: High School,1514 E Zion St,Washington High School,2016/01/28 00:00:00,Placed on Map,,Tulsa,Building,Public School,-10683419.7744,4326534.83795
"POINT (-10684156.2366011 4329629.78980363)",,,,OK,CBALSIGER,,School: High School,3850 N Peoria Ave,Tulsa Technology Center - Peoria Campus,2016/04/22 19:13:33,Placed on Map,,Tulsa,Building,,-10684156.2366,4329629.7898
"POINT (-10680762.7912157 4314853.21394716)",,,,OK,CBALSIGER,,School: High School,2906 E 41st St,Edison Preparatory,2016/04/22 18:47:53,Placed on Map,,Tulsa,Building,Public School,-10680762.7912,4314853.21395
"POINT (-10676662.5502938 4315397.56384808)",,,,OK,cbalsiger,,School: High School,3905 S Hudson Ave,Bishop Kelley,2016/02/04 00:00:00,Placed on Map,,Tulsa,Building,Private School,-10676662.5503,4315397.56385
"POINT (-10675255.877593 4318861.74517324)",,,,OK,CBALSIGER,,School: High School,6960 E 21st St,Nathan Hale High School,2016/04/22 19:00:54,Placed on Map,,Tulsa,Building,Public School,-10675255.8776,4318861.74517
"POINT (-10668946.2487581 4320850.81822466)",,,,OK,CBALSIGER,,School: High School,12150 E 11th St,East Central High School,2016/04/22 18:46:35,Placed on Map,,Tulsa,Building,Public School,-10668946.2488,4320850.81822
"POINT (-10672284.2575212 4309752.32681702)",,,,OK,Kate Borland,,School: High School,6636 S Mingo Rd,Union High School,2010/06/10 00:00:00,Placed on Map,,Tulsa,Building,Public School,-10672284.2575,4309752.32682
"POINT (-10688621.312851 4314936.88441637)",,,,OK,Kate Borland,,School: Elementary School,2224 W 41st St,Clinton West,2010/06/10 00:00:00,Placed on Map,,Tulsa,Building,Public School,-10688621.3129,4314936.88442
"POINT (-10675446.9692703 4318592.80692551)",,,,OK,Kate Borland,,School: Middle School,2177 S 67th E Ave,Hale Junior High,2010/06/10 00:00:00,Placed on Map,,Tulsa,Building,Public School,-10675446.9693,4318592.80693
"POINT (-10685036.2096019 4324773.65149904)",,,,OK,cbalsiger,,School: Middle School,624 E Oklahoma Pl,Carver Middle School,2016/02/04 00:00:00,Placed on Map,,Tulsa,Building,Public School,-10685036.2096,4324773.6515
"POINT (-10683094.3915116 4326093.23013573)",,,,OK,CBALSIGER,,School,1661 E Virgin St,KIPP Tulsa College Preparatory,2016/04/22 18:53:52,Placed on Map,,Tulsa,Building,Public School,-10683094.3915,4326093.23014
"POINT (-10685340.0455934 4331077.43483382)",,,,OK,CBALSIGER,,School: Middle School,525 E 46th St N,McClain Junior High/Seventh Grade Academy,2016/04/22 18:57:23,Placed on Map,,Tulsa,Building,Public School,-10685340.0456,4331077.43483
"POINT (-10682643.7319363 4331422.9192085)",,,,OK,CBALSIGER,,School: Middle School,2010 E 48th St N,Monroe Demonstration Academy,2016/04/22 19:00:14,Placed on Map,,Tulsa,Building,Public School,-10682643.7319,4331422.91921
"POINT (-10668982.2617374 4319091.9557803)",,,,OK,CBALSIGER,,School: Middle School,12121 E 21st St,East Central Junior High,2016/04/22 18:46:59,Placed on Map,,Tulsa,Building,Public School,-10668982.2617,4319091.95578
"POINT (-10674687.7585078 4308829.283645)",,,,OK,CBALSIGER,,School: Middle School,7370 E 71st St,Thoreau Demonstration Academy,2016/04/22 19:07:48,Placed on Map,,Tulsa,Building,Public School,-10674687.7585,4308829.28365
"POINT (-10671399.6041503 4317874.14667601)",,,,OK,,,School: Elementary,2525 S 103rd E Ave,College Bound Academy,,Placed on Map,,Tulsa,Building,Public School,-10671399.6042,4317874.14668
"POINT (-10679842.245901 4323145.86436296)",,,,OK,,,School,3441 E Archer St,Phoenix Rising,,Placed on Map,,Tulsa,Building,Public School,-10679842.2459,4323145.86436
"POINT (-10671492.7788956 4317903.36718761)",,,,OK,,,School,2525 S 101st E ave,Tulsa Honor Academy,,Placed on Map,,Tulsa,Building,Public School,-10671492.7789,4317903.36719
"POINT (-10686076.4735823 4334499.6080718)",,,,OK,,,School,105 E 63rd St N,Tulsa Legacy Charter: Primary Academy,,Placed on Map,,Tulsa,Building,Public School,-10686076.4736,4334499.60807
"POINT (-10683833.5102643 4333777.34636744)",,,,OK,,,School,6001 N Peoria Ave,Tulsa Legacy Charter: Upper Academy,,Placed on Map,,Tulsa,Building,Public School,-10683833.5103,4333777.34637
"POINT (-10677804.3921387 4314869.53984291)",,,,OK,,,School,4107 S Yale Ave,Tulsa Learning Academy,,Placed on Map,,Tulsa,Building,Public School,-10677804.3921,4314869.53984
"POINT (-10675132.9193767 4309843.87987863)",,,,OK,,,School: Elementary,6646 S 73rd E Ave,Grissom Elementary,,Placed on Map,,Tulsa,Building,Public School,-10675132.9194,4309843.87988
"POINT (-10676153.422676 4317263.33221016)",,,,OK,,,School,6310 E 30th St,Augustine Christian Academy,,Placed on Map,,Tulsa,Building,"Private School, K-12th",-10676153.4227,4317263.33221
"POINT (-10672963.774381 4315868.14955837)",,,,OK,,,School,3702 S 90th E Ave,Christian Montessori Academy,,Placed on Map,,Tulsa,Building,"Private School, Pre-8th",-10672963.7744,4315868.14956
"POINT (-10685562.417778 4320934.04070353)",,,,OK,,,School,820 S Boulder Ave,Holy Family Cathedral School,,Placed on Map,,Tulsa,Building,"Private School, Pre-8th",-10685562.4178,4320934.0407
"POINT (-10667821.983084 4323817.84794677)",,,,OK,,,School,1003 N 129th E Ave,Lincoln Christian School,,Placed on Map,,Tulsa,Building,"Private School, Pre-12th",-10667821.9831,4323817.84795
"POINT (-10673217.9005126 4310909.68933113)",,,,OK,,,School,8720 E 61st St,Mingo Valley Christian School,,Placed on Map,,Tulsa,Building,"Private School, K4-12th",-10673217.9005,4310909.68933
"POINT (-10671991.8127541 4313322.95281206)",,,,OK,,,School: Elementary,4849 S Mingo Rd,Miss Helen's Private School,,Placed on Map,,Tulsa,Building,"Private School, K3-5th",-10671991.8128,4313322.95281
"POINT (-10682678.1971869 4309336.93879669)",,,,OK,,,School: Elementary,2021 E 71st St,Mizel Jewish Community Day School,,Placed on Map,,Tulsa,Building,Private School,-10682678.1972,4309336.9388
"POINT (-10676866.3216242 4313837.23377288)",,,,OK,,,School,4620 S Irvington Ave,Peace Academy,,Placed on Map,,Tulsa,Building,"Private School, Pre-12th",-10676866.3216,4313837.23377
"POINT (-10673879.4107239 4305818.02172971)",,,,OK,,,School,8621 S Memorial Dr,Regent Preparatory School of Oklahoma,,Placed on Map,,Tulsa,Building,"Private School, Pre-12th",-10673879.4107,4305818.02173
"POINT (-10688849.2062819 4311179.70857392)",,,,OK,,,School,2433 W 61st St,Riverfield Country Day School,,Placed on Map,,Tulsa,Building,"Private School, Infant-12th",-10688849.2063,4311179.70857
"POINT (-10689120.8488667 4314042.9841808)",,,,OK,,,School,2515 W 46th St,Saint Catherine Catholic School,,Placed on Map,,Tulsa,Building,"Private School, Pre-8th",-10689120.8489,4314042.98418
"POINT (-10674729.884995 4319615.84143083)",,,,OK,,,School,1717 S 75th E Ave,Saint Pius X School,,Placed on Map,,Tulsa,Building,"Private School, Pre-8th",-10674729.885,4319615.84143
"POINT (-10675831.532038 4324843.48899186)",,,,OK,,,School,1428 N 67th E Ave,Saints Peter and Paul School,,Placed on Map,,Tulsa,Building,"Private School, Pre-8th",-10675831.532,4324843.48899
"POINT (-10684823.1806348 4329962.96607949)",,,,OK,,,School: Elementary,4025 N Hartford Ave,Solid Foundation Preparatory Academy,,Placed on Map,,Tulsa,Building,"Private School, Pre-5th",-10684823.1806,4329962.96608
"POINT (-10677836.8955302 4315804.31646667)",,,,OK,,,School,5120 E 36th St,The Little Light House,,Placed on Map,,Tulsa,Building,"Private School, Birth-Age 6",-10677836.8955,4315804.31647
"POINT (-10681803.5307202 4322581.20812917)",,,,OK,,,School: Middle School,2444 E Admiral Blvd,The San Miguel School of Tulsa,,Placed on Map,,Tulsa,Building,Private School,-10681803.5307,4322581.20813
"POINT (-10679355.0977387 4321174.39079372)",,,,OK,,,School,900 S New Haven Ave,Tulsa Adventist Academy,,Placed on Map,,Tulsa,Building,"Private School, Pre-12th",-10679355.0977,4321174.39079
"POINT (-10676932.6240288 4315736.9271061)",,,,OK,,,School,3745 S Hudson Ave,Undercroft Montessori School,,Placed on Map,,Tulsa,Building,"Private School, Age 3-8th",-10676932.624,4315736.92711
"POINT (-10680770.8632474 4322088.34403945)",,,,OK,,,School,326 S College Ave,University School at the University of Tulsa,,Placed on Map,,Tulsa,Building,"Private School, Age3-8th",-10680770.8632,4322088.34404
"POINT (-10669910.2050235 4322818.18799858)",,,,OK,,,School,11391 E Admiral Pl,Wright Christian Academy,,Placed on Map,,Tulsa,Building,"Private School, Pre-12th",-10669910.205,4322818.188
