WKT,Picnicing_Available,Full_Address,Playgrounds_Available,Soccer_Fields_Available,Baseball_Fields_Available,Drinking_Fountains_Available,Water_Playground_Available,Disc_Golf_Available,Cycling_Available,Sand_Volleyball_Court,Basketball_Half_Court_Available,Size_of_Park,Facility_Identifier,Name_of_Facility,Labyrinth,Skatepark_Available,Subtype_Field,Operational_Hours,Splash_Pad_Available,Swimming_Available,ADA_Compliant,Lighted_Tennis_Court_Available,Owner_Type,Website,Toddler_Park,Skiing_Available,MTB_Available,Basketball_Courts_Available,Operational_Days,Tennis_Court_Available,Outdoor_Fitness_Available,Recreation_Center_Available,Hiking_Available,Restrooms_Available,Camping_Available,Junior_Pools,Feature_Code,Boating_Available,Fishing_Available,Dog_Park_Location,Streams,Number_of_Parking_Spaces,Hunting_Available,Golf_Available,shape_X,shape_Y
"POINT (-10678033.2780133 4323644.08333162)",No,821 N YALE AVE,Yes,No,Yes,No,No,No,No,No,No,1,Lan-821,Lantz,No,No,790,Daylight,No,No,No,No,Municipal,http://www.cityoftulsa.org/government/departments/park-and-recreation,No,No,No,No,Sun-Sat,No,No,No,No,Yes,No,No,Park,No,No,No,No,,No,No,-10678033.278,4323644.08333
"POINT (-10685451.0299603 4331851.2969302)",No,4940 N FRANKFORT,Yes,No,Yes,No,Yes,No,No,No,No,1,Cha-494,Chamberlain,No,No,790,Daylight,No,No,No,Yes,Municipal,http://www.cityoftulsa.org/government/departments/park-and-recreation,No,No,No,Yes,Sun-Sat,No,No,Yes,No,No,No,No,Park,No,No,No,No,,No,No,-10685451.03,4331851.29693
"POINT (-10681258.7335777 4329642.12564379)",No,3829 N COLUMBIA AVE,No,No,No,No,No,No,No,No,Yes,1,Lak-382,Lakeview,No,No,790,Daylight,No,No,No,No,Municipal,http://www.cityoftulsa.org/government/departments/park-and-recreation,No,No,No,No,Sun-Sat,No,No,No,No,No,No,No,Park,No,No,No,No,,No,No,-10681258.7336,4329642.12564
"POINT (-10686403.8041804 4325372.58924829)",Yes,1622 N MAIN ST,Yes,No,Yes,Yes,No,No,No,No,No,1,Sta-162,Starks (Cheyenne),No,No,790,Daylight,Yes,No,No,Yes,Municipal,http://www.cityoftulsa.org/government/departments/park-and-recreation,No,No,No,Yes,Sun-Sat,No,No,No,No,Yes,No,No,Park,No,No,No,No,,No,No,-10686403.8042,4325372.58925
"POINT (-10675162.6474861 4311948.99997497)",No,7807 E 58TH ST S,No,No,No,No,No,No,No,No,No,1,Exp-780,Explorer,No,No,790,Daylight,No,No,No,No,Municipal,http://www.cityoftulsa.org/government/departments/park-and-recreation,No,No,No,No,Sun-Sat,Yes,No,No,No,No,No,No,Park,No,No,No,No,,No,No,-10675162.6475,4311948.99997
"POINT (-10682881.1255796 4322723.66087009)",Yes,29 N VICTOR AVE,Yes,No,No,No,No,No,No,No,Yes,1,Adm-29,Admiral,No,No,790,Daylight,No,No,No,No,Municipal,http://www.cityoftulsa.org/government/departments/park-and-recreation,No,No,No,Yes,Sun-Sat,No,No,No,No,No,No,No,Park,No,No,No,No,,No,No,-10682881.1256,4322723.66087
"POINT (-10677482.3448794 4317357.88299145)",Yes,5179 E 29TH ST,Yes,No,No,No,No,No,No,No,Yes,1,Dar-517,Darlington,No,No,790,Daylight,No,No,No,No,Municipal,http://www.cityoftulsa.org/government/departments/park-and-recreation,No,No,No,No,Sun-Sat,Yes,No,No,No,No,No,No,Park,No,No,No,No,,No,No,-10677482.3449,4317357.88299
"POINT (-10685552.6684697 4319373.64690344)",No,1750 S CHEYENNE AVE,No,No,No,No,No,No,No,No,No,1,Cre-175,Creek Council Oak,No,No,790,Daylight,No,No,No,No,Municipal,http://www.cityoftulsa.org/government/departments/park-and-recreation,No,No,No,No,Sun-Sat,No,No,No,No,No,No,No,Park,No,No,No,No,,No,No,-10685552.6685,4319373.6469
"POINT (-10664947.6849196 4319588.33168717)",No,1616 S 157TH E AVE,No,No,No,No,No,No,No,No,No,1,Hin-161,Hinch,No,No,790,Daylight,No,No,No,No,Municipal,http://www.cityoftulsa.org/government/departments/park-and-recreation,No,No,No,No,Sun-Sat,No,No,No,No,No,No,No,Park,No,No,No,No,,No,No,-10664947.6849,4319588.33169
"POINT (-10680919.5049333 4332706.50219869)",No,2910 E 56TH ST N,No,No,No,No,No,No,No,No,No,1,Ska-291,Skatenorth,No,Yes,790,Daylight,No,No,No,No,Municipal,http://www.cityoftulsa.org/government/departments/park-and-recreation/sports/skate-parks,No,No,No,No,Sun-Sat,No,No,No,No,No,No,No,Park,No,No,No,No,,No,No,-10680919.5049,4332706.5022
"POINT (-10674614.2264406 4323505.0876754)",No,722 N 77TH E AVE,Yes,No,Yes,No,No,No,No,No,Yes,1,Nor-722,Norvell,No,No,790,Daylight,No,No,No,No,Municipal,http://www.cityoftulsa.org/government/departments/park-and-recreation,No,No,No,Yes,Sun-Sat,Yes,No,No,No,No,No,No,Park,No,No,No,No,,No,No,-10674614.2264,4323505.08768
"POINT (-10687259.4681145 4315553.09603031)",Yes,1114 W 37TH PL,Yes,Yes,Yes,No,No,No,No,No,Yes,1,Phi-111,Philpott,No,No,790,Daylight,No,No,No,No,Municipal,http://www.cityoftulsa.org/government/departments/park-and-recreation,No,No,No,No,Sun-Sat,No,No,No,No,No,No,No,Park,No,No,No,No,,No,No,-10687259.4681,4315553.09603
"POINT (-10667091.5494007 4315811.47707397)",No,3607 S 139TH E AVE,Yes,No,No,No,No,No,No,Yes,No,1,Sum-360,Summerglen Plaza,No,No,790,Daylight,No,No,No,No,Municipal,http://www.cityoftulsa.org/government/departments/park-and-recreation,No,No,No,No,Sun-Sat,No,No,No,No,No,No,No,Park,No,No,No,No,,No,No,-10667091.5494,4315811.47707
"POINT (-10693269.460949 4320603.52013712)",No,5902 W 10TH ST,Yes,No,Yes,Yes,No,No,No,No,Yes,1,Ter-590,Terwilliger,No,No,790,Daylight,No,No,No,No,Municipal,http://www.cityoftulsa.org/government/departments/park-and-recreation,No,No,No,No,Sun-Sat,No,No,No,No,No,No,No,Park,No,No,No,No,,No,No,-10693269.4609,4320603.52014
"POINT (-10684580.3884347 4320507.01507048)",No,1230 S FRANKFORT AVE,No,No,No,No,No,No,No,No,No,1,Gun-123,Gunboat South,No,No,790,Daylight,No,No,No,No,Municipal,http://www.cityoftulsa.org/government/departments/park-and-recreation,No,No,No,No,Sun-Sat,No,No,No,No,No,No,No,Park,No,No,No,No,,No,No,-10684580.3884,4320507.01507
"POINT (-10672559.111327 4322510.36849896)",Yes,9234 E 2ND ST,Yes,No,Yes,No,No,No,No,No,Yes,1,Boe-923,Boeing,No,No,790,Daylight,No,No,No,No,Municipal,http://www.cityoftulsa.org/government/departments/park-and-recreation,No,No,No,No,Sun-Sat,No,No,No,No,Yes,No,No,Park,No,No,No,No,,No,No,-10672559.1113,4322510.3685
"POINT (-10662830.5768908 4318989.53968513)",No,17120 E 21ST ST,Yes,No,Yes,Yes,No,No,No,No,No,1,Car-171,Carl Smith,No,No,790,Daylight,No,No,No,No,Municipal,http://www.cityoftulsa.org/government/departments/park-and-recreation,No,No,No,No,Sun-Sat,No,No,No,No,Yes,No,No,Park,No,No,No,Yes,,No,No,-10662830.5769,4318989.53969
"POINT (-10667107.9410768 4321851.54244608)",No,437 S 137TH E AVE,No,No,Yes,No,No,No,No,No,No,1,Wri-437,Wright,No,No,790,Daylight,No,No,No,No,Municipal,http://www.cityoftulsa.org/government/departments/park-and-recreation,No,No,No,No,Sun-Sat,No,No,No,No,No,No,No,Park,No,No,No,No,,No,No,-10667107.9411,4321851.54245
"POINT (-10672817.5323048 4323622.77653308)",No,8989 E INDEPENDENCE ST,No,No,Yes,No,No,No,No,No,No,1,Jin-898,Jingle Feldman,No,No,790,Daylight,No,No,No,No,Municipal,http://www.cityoftulsa.org/government/departments/park-and-recreation,No,No,No,No,Sun-Sat,No,No,No,No,No,No,No,Park,No,No,No,No,,No,No,-10672817.5323,4323622.77653
"POINT (-10669616.0881376 4318178.59721925)",No,11534 E 25TH ST,No,No,Yes,No,No,No,No,No,No,1,McC-115,McCullough,No,No,790,Daylight,No,No,No,No,Municipal,http://www.cityoftulsa.org/government/departments/park-and-recreation,No,No,No,No,Sun-Sat,No,No,No,No,No,No,No,Park,No,No,No,No,,No,No,-10669616.0881,4318178.59722
"POINT (-10674563.2902397 4331070.75720525)",Yes,5701 E 36TH ST N,Yes,No,No,Yes,Yes,Yes,No,No,No,1,Moh-570,Mohawk,No,No,790,Daylight,No,No,No,No,Municipal,http://www.cityoftulsa.org/government/departments/park-and-recreation,No,No,No,No,Sun-Sat,No,No,No,No,Yes,No,No,Park,No,No,No,No,,No,No,-10674563.2902,4331070.75721
"POINT (-10666191.8093685 4320213.59496792)",No,1404 S 145TH E AVE,Yes,No,No,Yes,No,No,No,No,No,1,Pla-140,Plaza,No,No,790,Daylight,No,No,No,No,Municipal,http://www.cityoftulsa.org/government/departments/park-and-recreation,No,No,No,No,Sun-Sat,No,No,No,No,No,No,No,Park,No,No,No,Yes,,No,No,-10666191.8094,4320213.59497
"POINT (-10688440.9256107 4314654.02754899)",No,4233 S YUKON AVE,Yes,Yes,Yes,Yes,No,Yes,No,No,No,1,Ree-423,Reed,No,No,790,Daylight,Yes,Yes,No,No,Municipal,http://www.cityoftulsa.org/government/departments/park-and-recreation/community-and-specialty-centers/reed-community-center,No,No,No,No,Sun-Sat,Yes,No,Yes,No,No,No,No,Park,No,No,No,No,,No,No,-10688440.9256,4314654.02755
"POINT (-10676281.2913929 4326083.7849944)",No,6201 E Virgin St,No,No,No,No,No,No,No,No,No,,Tul-620,Tulsa Met Jr. High & High,No,No,,,No,No,No,No,School,,No,No,No,No,,No,No,No,No,No,No,No,,No,No,No,No,,No,No,-10676281.2914,4326083.78499
"POINT (-10689821.3143928 4325453.55421982)",No,1400 N GILCREASE MUSEUM RD,No,No,No,No,No,No,No,No,No,1,Stu-140,Stuart,No,No,790,Daylight,No,No,No,No,Municipal,http://www.cityoftulsa.org/government/departments/park-and-recreation,No,No,No,No,Sun-Sat,No,No,No,No,No,No,No,Park,No,No,No,No,,No,No,-10689821.3144,4325453.55422
"POINT (-10689134.904036 4310944.88937813)",Yes,2626 W 61ST ST S,Yes,Yes,Yes,Yes,No,No,No,No,Yes,1,Wes-262,West Highlands,No,No,790,Daylight,No,No,No,Yes,Municipal,http://www.cityoftulsa.org/government/departments/park-and-recreation,No,No,No,No,Sun-Sat,No,No,No,No,No,No,No,Park,No,No,No,Yes,,No,No,-10689134.904,4310944.88938
"POINT (-10684339.2246045 4328503.69207713)",No,955 E 33RD ST N,No,No,No,No,No,No,No,No,No,1,Haw-955,Hawthorne,No,No,790,Daylight,No,No,No,No,Municipal,http://www.cityoftulsa.org/government/departments/park-and-recreation,No,No,No,No,Sun-Sat,No,No,No,No,No,No,No,Park,No,No,No,No,,No,No,-10684339.2246,4328503.69208
"POINT (-10675979.4174674 4331436.35216866)",Yes,6700 E MOHAWK BLVD,No,No,No,No,No,No,No,No,No,1,Oxl-670,Oxley Nature Center,No,No,790,Daylight,No,No,No,No,Municipal,http://www.cityoftulsa.org/government/departments/park-and-recreation/community-and-specialty-centers/oxley-nature-center-and-redbud-valley,No,No,No,No,Sun-Sat,No,No,No,No,Yes,No,No,Park,No,No,No,Yes,,No,No,-10675979.4175,4331436.35217
"POINT (-10683030.204795 4320556.73301222)",No,1630 E 12TH ST,No,No,No,No,No,No,No,No,No,1,Ben-163,Benedict,No,No,790,Daylight,No,No,No,Yes,Municipal,http://www.cityoftulsa.org/government/departments/park-and-recreation,No,No,No,No,Sun-Sat,No,No,No,No,No,No,No,Park,No,No,No,No,,No,No,-10683030.2048,4320556.73301
"POINT (-10677900.4959664 4316043.16786042)",Yes,4909 E 36TH ST S,Yes,No,No,Yes,No,No,No,No,No,1,Hig-490,Highland,No,No,790,Daylight,Yes,No,No,Yes,Municipal,http://www.cityoftulsa.org/government/departments/park-and-recreation,No,No,No,No,Sun-Sat,No,No,No,No,No,No,No,Park,No,No,No,No,,No,No,-10677900.496,4316043.16786
"POINT (-10672510.669025 4324000.70488534)",Yes,9162 E LATIMER ST,Yes,Yes,Yes,No,No,No,No,No,No,1,Lov-916,Loving,No,No,790,Daylight,No,No,No,No,Municipal,http://www.cityoftulsa.org/government/departments/park-and-recreation,No,No,No,No,Sun-Sat,Yes,No,No,No,No,No,No,Park,No,No,No,No,,No,No,-10672510.669,4324000.70489
"POINT (-10685853.114812 4321036.28492069)",No,401 W 7TH ST,No,No,No,No,No,No,No,No,No,1,Min-401,Mini Park II,No,No,790,Daylight,No,No,No,No,Municipal,http://www.cityoftulsa.org/government/departments/park-and-recreation,No,No,No,No,Sun-Sat,No,No,No,No,No,No,No,Park,No,No,No,No,,No,No,-10685853.1148,4321036.28492
"POINT (-10680518.3745813 4319605.11283612)",No,1621 S FLORENCE AVE,No,No,No,No,No,No,No,No,No,1,Pra-162,Pratt,No,No,790,Daylight,No,No,No,No,Municipal,http://www.cityoftulsa.org/government/departments/park-and-recreation,No,No,No,No,Sun-Sat,No,No,No,No,No,No,No,Park,No,No,No,No,,No,No,-10680518.3746,4319605.11284
"POINT (-10679606.3128489 4324491.10151727)",No,3540 E NEWTON ST,Yes,No,Yes,No,No,No,No,No,No,1,Seq-354,Sequoyah,No,No,790,Daylight,No,No,No,No,Municipal,http://www.cityoftulsa.org/government/departments/park-and-recreation,No,No,No,No,Sun-Sat,No,No,No,No,No,No,No,Park,No,No,No,Yes,,No,No,-10679606.3128,4324491.10152
"POINT (-10679761.2175802 4321784.28106225)",Yes,3503 E 5TH PL,Yes,No,Yes,Yes,No,No,No,No,No,1,Tur-350,Turner,No,No,790,Daylight,No,No,No,No,Municipal,http://www.cityoftulsa.org/government/departments/park-and-recreation,No,No,No,No,Sun-Sat,No,No,No,No,No,No,No,Park,No,No,No,No,,No,No,-10679761.2176,4321784.28106
"POINT (-10682790.5737497 4326167.84328638)",Yes,2209 N WHEELING AVE,Yes,No,No,No,No,No,No,No,No,1,Whe-220,Wheeling,No,No,790,Daylight,Yes,No,No,No,Municipal,http://www.cityoftulsa.org/government/departments/park-and-recreation,No,No,No,No,Sun-Sat,No,No,No,No,No,No,No,Park,No,No,No,No,,No,No,-10682790.5737,4326167.84329
"POINT (-10683324.7644043 4316817.30436848)",Yes,3216 S TRENTON AVE,Yes,No,Yes,Yes,No,No,No,No,Yes,1,Zin-321,Zink,No,No,790,Daylight,Yes,No,No,Yes,Municipal,http://www.cityoftulsa.org/government/departments/park-and-recreation,No,No,No,No,Sun-Sat,No,No,No,No,Yes,No,No,Park,No,No,No,Yes,,No,No,-10683324.7644,4316817.30437
"POINT (-10689014.2014406 4324633.95300953)",No,1400 N GILCREASE MUSEUM RD,No,No,No,No,No,No,No,No,No,1,Gil-140,Gilcrease Museum,No,No,790,Daylight,No,No,No,No,Municipal,http://www.cityoftulsa.org/government/departments/park-and-recreation,No,No,No,No,Sun-Sat,No,No,No,No,No,No,No,Park,No,No,No,No,,No,No,-10689014.2014,4324633.95301
"POINT (-10682775.8197621 4331843.62819183)",Yes,5002 N WHEELING AVE,Yes,No,No,Yes,No,No,No,No,No,1,Ber-500,Berry,No,No,790,Daylight,No,Yes,No,No,Municipal,http://www.cityoftulsa.org/government/departments/park-and-recreation,No,No,No,Yes,Sun-Sat,Yes,No,No,No,No,No,No,Park,No,No,No,No,,No,No,-10682775.8198,4331843.62819
"POINT (-10677636.8963648 4321284.99465478)",Yes,5036 E 7TH ST,Yes,Yes,Yes,No,No,No,No,No,No,1,Bra-503,Braden,No,No,790,Daylight,Yes,No,No,No,Municipal,http://www.cityoftulsa.org/government/departments/park-and-recreation,No,No,No,No,Sun-Sat,Yes,No,No,No,No,No,No,Park,No,No,No,No,,No,No,-10677636.8964,4321284.99465
"POINT (-10685359.3907934 4320756.58100065)",No,22 W 10TH ST,No,No,No,No,No,No,No,No,No,1,Cat-22,Cathedral Square,No,No,790,Daylight,No,No,No,No,Municipal,http://www.cityoftulsa.org/government/departments/park-and-recreation,No,No,No,No,Sun-Sat,No,No,No,No,No,No,No,Park,No,No,No,No,,No,No,-10685359.3908,4320756.581
"POINT (-10678020.4805546 4299006.10908617)",No,4514 E 121ST ST,No,No,No,No,No,No,No,No,No,1,Cou-451,Cousins,No,No,790,Daylight,No,No,No,No,Municipal,http://www.cityoftulsa.org/government/departments/park-and-recreation,No,No,No,No,Sun-Sat,No,No,No,No,No,No,No,Park,No,No,No,No,,No,No,-10678020.4806,4299006.10909
"POINT (-10675206.8715182 4306269.3448159)",Yes,8501 S 71ST E AVE,No,No,No,Yes,No,No,No,No,No,1,Cre-850,Crescent,No,No,790,Daylight,No,No,No,No,Municipal,http://www.cityoftulsa.org/government/departments/park-and-recreation,No,No,No,No,Sun-Sat,No,No,No,No,No,No,No,Park,No,No,No,No,,No,No,-10675206.8715,4306269.34482
"POINT (-10687480.774806 4317986.83184078)",No,2510 S SOUTHWEST BLVD,Yes,No,No,No,No,No,No,No,No,1,How-251,Howard,No,No,790,Daylight,No,No,No,No,Municipal,http://www.cityoftulsa.org/government/departments/park-and-recreation,No,No,No,No,Sun-Sat,No,No,No,No,No,No,No,Park,No,No,No,No,,No,No,-10687480.7748,4317986.83184
"POINT (-10688313.8993833 4309814.60933213)",No,6666 S UNION AVE,No,No,No,No,No,No,No,No,No,1,Pag-666,Page Belcher Golf Course,No,No,790,Daylight,No,No,No,No,Municipal,http://www.cityoftulsa.org/government/departments/park-and-recreation,No,No,No,No,Sun-Sat,No,No,No,No,Yes,No,No,Park,No,No,No,No,,No,No,-10688313.8994,4309814.60933
"POINT (-10686023.6360822 4318340.69557757)",No,474 W 23RD ST,No,No,No,No,No,No,No,No,No,1,Riv-474,River Skate Park,No,Yes,790,Daylight,No,No,No,No,Municipal,http://www.cityoftulsa.org/government/departments/park-and-recreation/sports/skate-parks,No,No,No,No,Sun-Sat,No,No,No,No,No,No,No,Park,No,No,No,No,,No,No,-10686023.6361,4318340.69558
"POINT (-10670944.1851576 4315558.86193865)",Yes,3670 S 106TH E AVE,No,No,No,No,No,No,No,No,No,1,Sha-367,Shannon I,No,No,790,Daylight,No,No,No,No,Municipal,http://www.cityoftulsa.org/government/departments/park-and-recreation,No,No,No,No,Sun-Sat,No,No,No,No,No,No,No,Park,No,No,No,Yes,,No,No,-10670944.1852,4315558.86194
"POINT (-10674810.6991267 4311876.36244269)",No,7502 E 57th St,No,Yes,No,No,No,No,No,No,No,,Mem-750,Memorial,No,No,,,No,No,No,No,School,,No,No,No,Yes,,No,No,No,No,No,No,No,,No,No,No,No,,No,No,-10674810.6991,4311876.36244
"POINT (-10685273.2900692 4319253.96326903)",Yes,1875 S BOULDER PARK DR,Yes,No,Yes,Yes,No,No,No,No,No,1,Vet-187,Veterans,No,No,790,Daylight,Yes,No,No,No,Municipal,http://www.cityoftulsa.org/government/departments/park-and-recreation,No,No,No,No,Sun-Sat,No,No,No,No,Yes,No,No,Park,No,No,No,No,,No,No,-10685273.2901,4319253.96327
"POINT (-10673534.0158451 4311572.99489867)",No,7802 E 57TH ST S,No,Yes,No,No,No,No,No,No,No,1,Woo-780,Woodland View II,No,No,790,Daylight,No,No,No,No,Municipal,http://www.cityoftulsa.org/government/departments/park-and-recreation,No,No,No,No,Sun-Sat,No,No,No,No,No,No,No,Park,No,No,No,No,,No,No,-10673534.0158,4311572.9949
"POINT (-10683478.0721196 4329896.31641407)",No,1501 E 36TH ST N,No,No,No,No,No,No,No,No,No,1,Fla-150,Flat Rock Creek,No,No,790,Daylight,No,No,No,No,Municipal,http://www.cityoftulsa.org/government/departments/park-and-recreation,No,No,No,No,Sun-Sat,No,No,No,No,No,No,No,Park,No,No,No,Yes,,No,No,-10683478.0721,4329896.31641
"POINT (-10671764.359078 4308296.31008068)",No,7500 S 103RD E AVE,No,No,No,No,No,No,No,No,No,1,Hai-750,Haikey Creek,No,No,790,Daylight,No,No,No,No,Municipal,http://www.cityoftulsa.org/government/departments/park-and-recreation,No,No,No,No,Sun-Sat,No,No,No,No,No,No,No,Park,No,No,No,Yes,,No,No,-10671764.3591,4308296.31008
"POINT (-10683709.4210373 4308186.70578777)",Yes,7301 S RIVERSIDE DR,Yes,No,No,Yes,Yes,No,No,Yes,No,1,Hel-730,Helmerich,No,No,790,Daylight,No,No,No,No,Municipal,http://www.cityoftulsa.org/government/departments/park-and-recreation,No,No,No,No,Sun-Sat,No,No,No,No,Yes,No,No,Park,No,No,No,Yes,,No,No,-10683709.421,4308186.70579
"POINT (-10670361.3468162 4315305.78832851)",No,10902 E 39TH PL,Yes,No,No,No,No,No,No,No,No,1,Sha-109,Shannon II,No,No,790,Daylight,No,No,No,No,Municipal,http://www.cityoftulsa.org/government/departments/park-and-recreation,No,No,No,No,Sun-Sat,No,No,No,No,No,No,No,Park,No,No,No,Yes,,No,No,-10670361.3468,4315305.78833
"POINT (-10677558.3254869 4330064.25797877)",No,5223 E 41ST ST N,No,No,No,No,No,No,No,No,No,1,Moh-522,Mohawk Golf Course,No,No,790,Daylight,No,No,No,No,Municipal,http://www.cityoftulsa.org/government/departments/park-and-recreation,No,No,No,No,Sun-Sat,No,No,No,No,Yes,No,No,Park,No,No,No,No,,No,No,-10677558.3255,4330064.25798
"POINT (-10685422.747406 4321347.53298812)",No,600 S MAIN ST,No,No,No,No,No,No,No,No,No,1,Cha-600,Chapman Green,No,No,790,Daylight,No,No,No,No,Municipal,http://www.cityoftulsa.org/government/departments/park-and-recreation,No,No,No,No,Sun-Sat,No,No,No,No,No,No,No,Park,No,No,No,No,,No,No,-10685422.7474,4321347.53299
"POINT (-10679976.5190282 4313722.15320061)",No,4701 S HARVARD AVE,Yes,No,Yes,No,No,No,No,No,No,1,Lan-470,Langenheim,No,No,790,Daylight,No,No,No,Yes,Municipal,http://www.cityoftulsa.org/government/departments/park-and-recreation,Yes,No,No,No,Sun-Sat,No,No,No,No,No,No,No,Park,No,No,No,Yes,,No,No,-10679976.519,4313722.1532
"POINT (-10688398.6359791 4321451.25139735)",No,1723 CHARLES PAGE BLVD,No,No,No,No,No,No,No,No,No,1,Joe-172,Joe Station Bark Park,No,No,790,Daylight,No,No,No,No,Municipal,http://www.cityoftulsa.org/government/departments/park-and-recreation,No,No,No,No,Sun-Sat,No,No,No,No,Yes,No,No,Park,No,No,Yes,No,,No,No,-10688398.636,4321451.2514
"POINT (-10680754.0742087 4323031.16886956)",Yes,2831 E ARCHER ST,Yes,No,No,No,No,No,No,No,No,1,Arc-283,Archer,No,No,790,Daylight,Yes,No,No,No,Municipal,http://www.cityoftulsa.org/government/departments/park-and-recreation,No,No,No,Yes,Sun-Sat,Yes,No,No,No,Yes,No,No,Park,No,No,No,No,,No,No,-10680754.0742,4323031.16887
"POINT (-10681395.1196274 4321667.88499475)",Yes,2645 E 5TH ST S,Yes,No,No,Yes,Yes,No,No,No,No,1,Ken-264,Kendall-Whittier,No,No,790,Daylight,No,No,No,No,Municipal,http://www.cityoftulsa.org/government/departments/park-and-recreation,No,No,No,No,Sun-Sat,No,No,No,No,Yes,No,No,Park,No,No,No,No,,No,No,-10681395.1196,4321667.88499
"POINT (-10670073.4423547 4316563.50627241)",Yes,3235 S GARNETT RD,Yes,No,Yes,Yes,No,No,No,No,Yes,1,Nor-323,Norberg,No,No,790,Daylight,No,No,No,Yes,Municipal,http://www.cityoftulsa.org/government/departments/park-and-recreation,No,No,No,No,Sun-Sat,No,No,No,No,No,No,No,Park,No,No,No,Yes,,No,No,-10670073.4424,4316563.50627
"POINT (-10670501.2538076 4319296.37809466)",No,10901 E 19TH ST,Yes,No,Yes,No,No,No,No,No,No,1,Cow-109,Cowan,No,No,790,Daylight,No,No,No,No,Municipal,http://www.cityoftulsa.org/government/departments/park-and-recreation,No,No,No,No,Sun-Sat,Yes,No,No,No,No,No,No,Park,No,No,No,No,,No,No,-10670501.2538,4319296.37809
"POINT (-10685857.3143173 4323990.2366368)",Yes,210 E LATIMER PL,Yes,No,No,No,No,No,No,No,No,1,Hil-210,Hill,No,No,790,Daylight,No,No,No,Yes,Municipal,http://www.cityoftulsa.org/government/departments/park-and-recreation,No,No,No,Yes,Sun-Sat,No,No,Yes,No,No,No,No,Park,No,No,No,No,,No,No,-10685857.3143,4323990.23664
"POINT (-10689444.0527384 4312433.14204852)",No,2909 W 56TH ST S,No,No,No,No,No,No,No,No,No,1,Lub-290,Lubell,No,No,790,Daylight,No,No,No,No,Municipal,http://www.cityoftulsa.org/government/departments/park-and-recreation,No,No,No,No,Sun-Sat,No,No,No,No,No,No,No,Park,No,No,No,Yes,,No,No,-10689444.0527,4312433.14205
"POINT (-10676539.3937357 4308538.47532176)",Yes,7404 S KINGSTON AVE,Yes,No,No,Yes,No,No,No,No,No,1,Min-740,Minshall,No,No,790,Daylight,No,No,No,No,Municipal,http://www.cityoftulsa.org/government/departments/park-and-recreation,No,No,No,No,Sun-Sat,No,No,No,No,No,No,No,Park,No,No,No,Yes,,No,No,-10676539.3937,4308538.47532
"POINT (-10670596.3753402 4310893.75582593)",No,10750 E 61ST ST,No,No,No,No,No,No,No,No,No,1,Qui-107,Quik Trip,No,No,790,Daylight,No,No,No,No,Municipal,http://www.cityoftulsa.org/government/departments/park-and-recreation,No,No,No,No,Sun-Sat,No,No,No,No,No,No,No,Park,No,No,No,No,,No,No,-10670596.3753,4310893.75583
"POINT (-10673539.534119 4318481.70672014)",No,8525 E 23RD PL S,Yes,No,Yes,No,No,No,No,No,No,1,Ske-852,Skelly,No,No,790,Daylight,No,No,No,No,Municipal,http://www.cityoftulsa.org/government/departments/park-and-recreation,No,No,No,No,Sun-Sat,Yes,No,No,No,No,No,No,Park,No,No,No,No,,No,No,-10673539.5341,4318481.70672
"POINT (-10680563.5432532 4301987.64179713)",No,10519 S DELAWARE AVE,No,Yes,No,No,No,No,No,No,No,1,Tor-105,Torchia-Oliver,No,No,790,Daylight,No,No,No,No,Municipal,http://www.cityoftulsa.org/government/departments/park-and-recreation,No,No,No,No,Sun-Sat,No,No,No,No,No,No,No,Park,No,No,No,No,,No,No,-10680563.5433,4301987.6418
"POINT (-10679008.3560233 4315119.79911272)",Yes,4009 S PITTSBURG AVE,Yes,Yes,Yes,Yes,Yes,No,No,Yes,No,1,Whi-400,Whiteside,No,No,790,Daylight,No,No,No,Yes,Municipal,http://www.cityoftulsa.org/government/departments/park-and-recreation/community-and-specialty-centers/whiteside-community-center,No,No,No,No,Sun-Sat,No,Yes,Yes,No,Yes,No,No,Park,No,No,No,No,,No,No,-10679008.356,4315119.79911
"POINT (-10687017.7815775 4320526.44640599)",No,815 S RIVERSIDE DR,No,No,No,No,No,No,No,No,No,1,Rou-815,Route 66 Plaza,No,No,790,Daylight,No,No,No,No,Municipal,http://www.cityoftulsa.org/government/departments/park-and-recreation,No,No,No,No,Sun-Sat,No,No,No,No,No,No,No,Park,No,No,No,No,,No,No,-10687017.7816,4320526.44641
"POINT (-10682529.535394 4310275.42992902)",No,6410 S YORKTOWN AVE,Yes,Yes,No,Yes,No,No,No,No,No,1,Gra-641,Graham,No,No,790,Daylight,No,No,No,Yes,Municipal,http://www.cityoftulsa.org/government/departments/park-and-recreation,No,No,No,No,Sun-Sat,No,No,No,No,No,No,No,Park,No,No,No,Yes,,No,No,-10682529.5354,4310275.42993
"POINT (-10678773.4885166 4312037.45453222)",No,4309 E 56th St,Yes,Yes,No,No,No,No,No,No,No,,Car-430,Carnegie,No,No,,,No,No,No,No,School,,No,No,No,No,,No,No,No,No,No,No,No,,No,No,No,No,,No,No,-10678773.4885,4312037.45453
"POINT (-10681281.1979697 4333992.11120648)",No,2646 E 61ST ST N,No,No,Yes,No,No,No,No,No,No,1,Rod-264,Rodden,No,No,790,Daylight,No,No,No,No,Municipal,http://www.cityoftulsa.org/government/departments/park-and-recreation,No,No,No,No,Sun-Sat,No,No,No,No,No,No,No,Park,No,No,No,No,,No,No,-10681281.198,4333992.11121
"POINT (-10673246.7267283 4313420.91680961)",No,4807 S 87TH E AVE,Yes,No,No,No,No,No,No,No,Yes,6,Aar-480,Aaronson,No,No,790,Daylight,No,No,No,No,Municipal,http://www.cityoftulsa.org/government/departments/park-and-recreation,No,No,No,No,Sun-Sat,Yes,No,No,No,No,No,No,Park,No,No,No,No,,No,No,-10673246.7267,4313420.91681
"POINT (-10684382.2595614 4323695.6935036)",Yes,1001 E KING ST,Yes,No,No,No,No,No,No,No,Yes,1,Bul-100,Bullette,No,No,790,Daylight,No,No,No,No,Municipal,http://www.cityoftulsa.org/government/departments/park-and-recreation,No,No,No,No,Sun-Sat,No,No,No,No,No,No,No,Park,No,No,No,No,,No,No,-10684382.2596,4323695.6935
"POINT (-10684343.5109563 4321608.75699746)",No,1028 E 6TH ST,No,No,No,No,No,No,No,No,No,1,Cen-102,Centennial / Central,No,No,790,Daylight,No,No,No,No,Municipal,http://www.cityoftulsa.org/government/departments/park-and-recreation/community-and-specialty-centers/central-center,No,No,No,No,Sun-Sat,No,No,Yes,No,No,No,No,Park,No,No,No,Yes,,No,No,-10684343.511,4321608.757
"POINT (-10680285.3046514 4319043.32440519)",No,1936 S GARY AVE,Yes,No,No,Yes,No,No,No,No,No,1,Flo-193,Florence,No,No,790,Daylight,Yes,No,No,No,Municipal,http://www.cityoftulsa.org/government/departments/park-and-recreation,No,No,No,No,Sun-Sat,Yes,No,No,No,No,No,No,Park,No,No,No,No,,No,No,-10680285.3047,4319043.32441
"POINT (-10683712.0747143 4313690.669948)",No,4825 S QUAKER AVE,Yes,Yes,Yes,Yes,No,No,No,No,No,1,Hen-482,Henthorne,No,No,790,Daylight,No,No,No,Yes,Municipal,http://www.cityoftulsa.org/government/departments/park-and-recreation,No,No,No,Yes,Sun-Sat,No,No,Yes,No,No,No,No,Park,No,No,No,No,,No,No,-10683712.0747,4313690.66995
"POINT (-10669624.5806438 4322655.34248646)",Yes,11440 E ADMIRAL PL,Yes,No,Yes,Yes,No,No,No,No,No,1,Cla-114,Clark,No,No,790,Daylight,No,No,No,Yes,Municipal,http://www.cityoftulsa.org/government/departments/park-and-recreation,No,No,No,No,Sun-Sat,No,No,No,No,No,No,No,Park,No,No,No,No,,No,No,-10669624.5806,4322655.34249
"POINT (-10683692.7524788 4323467.71626461)",Yes,1345 E INDEPENDENCE AVE,No,No,Yes,No,No,No,No,No,Yes,1,Cru-134,Crutchfield,No,No,790,Daylight,Yes,No,No,No,Municipal,http://www.cityoftulsa.org/government/departments/park-and-recreation,No,No,No,No,Sun-Sat,No,No,No,No,No,No,No,Park,No,No,No,No,,No,No,-10683692.7525,4323467.71626
"POINT (-10676568.0959919 4326010.2298496)",No,2035 N KINGSTON PL,Yes,No,Yes,No,No,No,No,No,No,1,Daw-203,Dawson,No,No,790,Daylight,Yes,No,No,No,Municipal,http://www.cityoftulsa.org/government/departments/park-and-recreation,No,No,No,No,Sun-Sat,No,No,Yes,No,No,No,No,Park,No,No,No,No,,No,No,-10676568.096,4326010.22985
"POINT (-10682442.6051804 4327524.24227451)",Yes,2121 E 29TH ST N,Yes,Yes,Yes,No,No,No,No,No,Yes,1,Llo-212,Lloyd,No,No,790,Daylight,No,No,No,No,Municipal,http://www.cityoftulsa.org/government/departments/park-and-recreation,No,No,No,No,Sun-Sat,Yes,No,No,No,No,No,No,Park,No,No,No,No,,No,No,-10682442.6052,4327524.24227
"POINT (-10674321.8567649 4321485.49593534)",No,7440 E 7TH ST,Yes,Yes,Yes,No,No,Yes,No,No,No,1,McC-744,McClure,No,No,790,Daylight,No,Yes,No,Yes,Municipal,http://www.cityoftulsa.org/government/departments/park-and-recreation,No,No,No,Yes,Sun-Sat,No,No,Yes,No,Yes,No,No,Park,No,No,No,Yes,,No,No,-10674321.8568,4321485.49594
"POINT (-10677502.9697745 4324524.49647508)",Yes,5251 E NEWTON ST,Yes,No,No,No,Yes,No,No,No,No,1,Max-525,Maxwell,No,No,790,Daylight,No,No,No,Yes,Municipal,http://www.cityoftulsa.org/government/departments/park-and-recreation,No,No,No,Yes,Sun-Sat,No,No,No,No,No,No,No,Park,No,No,No,No,,No,No,-10677502.9698,4324524.49648
"POINT (-10682394.6159494 4325851.45113959)",No,2118 E UTE ST,No,No,No,No,No,No,No,No,No,1,Min-211,Mini Park I,No,No,790,Daylight,No,No,No,No,Municipal,http://www.cityoftulsa.org/government/departments/park-and-recreation,No,No,No,No,Sun-Sat,No,No,No,No,No,No,No,Park,No,No,No,No,,No,No,-10682394.6159,4325851.45114
"POINT (-10687996.7341011 4321315.63226334)",Yes,1710 W CHARLES PAGE BLVD,Yes,No,Yes,No,No,No,No,No,No,1,New-171,Newblock,No,No,790,Daylight,No,No,No,No,Municipal,http://www.cityoftulsa.org/government/departments/park-and-recreation,No,No,No,No,Sun-Sat,No,No,Yes,No,No,No,No,Park,No,No,No,No,,No,No,-10687996.7341,4321315.63226
"POINT (-10685872.5414386 4321008.68514419)",No,702 S DENVER AVE,No,No,No,No,No,No,No,No,No,1,Pla-702,Plaza of the Americas,No,No,790,Daylight,No,No,No,No,Municipal,http://www.cityoftulsa.org/government/departments/park-and-recreation,No,No,No,No,Sun-Sat,No,No,No,No,No,No,No,Park,No,No,No,No,,No,No,-10685872.5414,4321008.68514
"POINT (-10690740.7315826 4312453.47060454)",Yes,3825 W 53RD PL S,Yes,No,Yes,Yes,Yes,No,No,No,No,1,Sch-382,Schlegel,No,No,790,Daylight,No,No,No,No,Municipal,http://www.cityoftulsa.org/government/departments/park-and-recreation,No,No,No,Yes,Sun-Sat,No,No,No,No,No,No,No,Park,No,No,No,No,,No,No,-10690740.7316,4312453.4706
"POINT (-10684250.5695905 4320920.02017098)",No,1134 S PEORIA AVE,Yes,No,No,Yes,No,No,No,No,No,1,Tra-113,Tracy,No,No,790,Daylight,Yes,No,No,Yes,Municipal,http://www.cityoftulsa.org/government/departments/park-and-recreation,No,No,No,No,Sun-Sat,No,No,No,No,No,No,No,Park,No,No,No,No,,No,No,-10684250.5696,4320920.02017
"POINT (-10687019.2805819 4318807.42219141)",No,1002 W 21ST ST S,Yes,No,Yes,No,No,No,No,No,No,1,Wes-100,West Tulsa,No,No,790,Daylight,No,No,No,No,Municipal,http://www.cityoftulsa.org/government/departments/park-and-recreation,No,No,No,Yes,Sun-Sat,No,No,No,No,No,No,No,Park,No,No,No,No,,No,No,-10687019.2806,4318807.42219
"POINT (-10690714.2464384 4321598.12650835)",Yes,3903 W 4TH ST S,Yes,Yes,Yes,No,No,No,No,No,Yes,1,Zei-390,Zeigler,No,No,790,Daylight,Yes,No,No,Yes,Municipal,http://www.cityoftulsa.org/government/departments/park-and-recreation,No,No,No,No,Sun-Sat,No,No,No,No,Yes,No,No,Park,No,No,No,No,,No,No,-10690714.2464,4321598.12651
"POINT (-10680153.6749808 4320605.87973517)",No,1225 S GARY PL,Yes,No,No,No,No,No,No,No,No,1,Gar-122,Gary,No,No,790,Daylight,No,No,No,No,Municipal,http://www.cityoftulsa.org/government/departments/park-and-recreation,No,No,No,No,Sun-Sat,No,No,No,No,No,No,No,Park,No,No,No,No,,No,No,-10680153.675,4320605.87974
"POINT (-10675911.4867378 4324325.64838929)",No,1167 N 66TH E AVE,Yes,No,Yes,No,No,No,No,No,No,1,Ben-116,Benton,No,No,790,Daylight,No,No,No,No,Municipal,http://www.cityoftulsa.org/government/departments/park-and-recreation,No,No,No,No,Sun-Sat,No,No,No,No,No,No,No,Park,No,No,No,No,,No,No,-10675911.4867,4324325.64839
"POINT (-10674524.4121245 4310184.78017517)",No,6441 S 76TH E AVE,Yes,No,No,Yes,No,No,No,No,Yes,1,Boo-644,Boots Adams,No,No,790,Daylight,No,No,No,No,Municipal,http://www.cityoftulsa.org/government/departments/park-and-recreation,No,No,No,No,Sun-Sat,No,No,No,No,No,No,No,Park,No,No,No,No,,No,No,-10674524.4121,4310184.78018
"POINT (-10661650.2856871 4318981.27152535)",No,17800 E 21ST ST S,No,No,Yes,No,No,No,No,No,No,1,Sav-178,Savage Park,No,No,790,Daylight,No,No,No,No,Municipal,http://www.cityoftulsa.org/government/departments/park-and-recreation,No,No,No,No,Sun-Sat,No,No,No,No,Yes,No,No,Park,No,No,No,No,,No,No,-10661650.2857,4318981.27153
"POINT (-10681103.7621683 4329938.96595814)",No,2740 E 41st St N,No,No,No,No,No,No,No,No,No,,Tra-274,Traice Academy Middle & High,No,No,,,No,No,No,No,School,,No,No,No,No,,No,No,No,No,No,No,No,,No,No,No,No,,No,No,-10681103.7622,4329938.96596
"POINT (-10680444.4701001 4325273.55041285)",Yes,3121 E QUEEN ST,No,No,Yes,No,No,No,No,No,Yes,1,Chi-312,Chittom (Clinton),No,No,790,Daylight,No,No,No,No,Municipal,http://www.cityoftulsa.org/government/departments/park-and-recreation,No,No,No,No,Sun-Sat,Yes,No,No,No,No,No,No,Park,No,No,No,No,,No,No,-10680444.4701,4325273.55041
"POINT (-10685521.1553002 4319349.56017058)",No,1800 S CHEYENNE AVE,No,No,No,No,No,No,No,No,No,1,Cre-180,Creek Stickball Park,No,No,790,Daylight,No,No,No,No,Municipal,http://www.cityoftulsa.org/government/departments/park-and-recreation,No,No,No,No,Sun-Sat,No,No,No,No,No,No,No,Park,No,No,No,No,,No,No,-10685521.1553,4319349.56017
"POINT (-10678789.5567671 4312002.65333163)",No,4111 E 54TH ST,No,Yes,Yes,Yes,No,Yes,No,No,No,1,Hol-411,Holiday Hills,No,No,790,Daylight,No,No,No,No,Municipal,http://www.cityoftulsa.org/government/departments/park-and-recreation,No,No,No,No,Sun-Sat,Yes,No,No,No,No,No,No,Park,No,No,No,No,,No,No,-10678789.5568,4312002.65333
"POINT (-10676904.5214313 4304985.36721657)",Yes,5804 E 91ST ST,Yes,No,No,No,Yes,Yes,No,No,No,1,Hun-580,Hunter,Yes,No,790,Daylight,No,No,No,No,Municipal,http://www.cityoftulsa.org/government/departments/park-and-recreation,No,No,No,Yes,Sun-Sat,No,No,No,No,Yes,No,No,Park,No,No,Yes,Yes,,No,No,-10676904.5214,4304985.36722
"POINT (-10680526.7368773 4311994.92216057)",Yes,3003 E 56TH ST S,Yes,No,No,No,Yes,No,No,No,No,1,Man-300,Manion,No,No,790,Daylight,No,No,No,Yes,Municipal,http://www.cityoftulsa.org/government/departments/park-and-recreation,No,No,No,Yes,Sun-Sat,No,Yes,No,No,No,No,No,Park,No,No,No,No,,No,No,-10680526.7369,4311994.92216
"POINT (-10684498.6208987 4319977.34537253)",No,404 E 15TH ST S,Yes,No,No,No,No,No,No,No,No,1,Map-404,Maple,No,No,790,Daylight,Yes,No,No,No,Municipal,http://www.cityoftulsa.org/government/departments/park-and-recreation,No,No,No,No,Sun-Sat,No,No,No,No,No,No,No,Park,No,No,No,No,,No,No,-10684498.6209,4319977.34537
"POINT (-10679505.5388818 4332516.64925072)",No,3000 E 56TH ST N,No,Yes,No,No,No,No,No,No,No,1,Moh-300,Mohawk Soccer Complex,No,No,790,Daylight,No,No,No,No,Municipal,http://www.cityoftulsa.org/government/departments/park-and-recreation,No,No,No,No,Sun-Sat,No,No,No,No,No,No,No,Park,No,No,No,No,,No,No,-10679505.5389,4332516.64925
"POINT (-10687226.4366127 4322528.03907748)",Yes,560 N MAYBELLE ST,Yes,Yes,Yes,No,Yes,No,No,Yes,No,1,Owe-560,Owen,No,No,790,Daylight,No,No,No,No,Municipal,http://www.cityoftulsa.org/government/departments/park-and-recreation,No,No,No,No,Sun-Sat,No,No,Yes,No,No,No,No,Park,No,No,No,No,,No,No,-10687226.4366,4322528.03908
"POINT (-10677567.8132466 4325610.96266567)",No,5123 E DAWSON RD,Yes,No,Yes,Yes,No,No,No,No,No,1,Pat-512,Patrick,No,No,790,Daylight,No,No,No,No,Municipal,http://www.cityoftulsa.org/government/departments/park-and-recreation,No,No,No,No,Sun-Sat,No,No,No,No,Yes,No,No,Park,No,No,No,Yes,,No,No,-10677567.8132,4325610.96267
"POINT (-10672599.4551641 4303027.48973528)",Yes,9207 E 101ST ST,Yes,No,No,No,No,No,No,No,No,1,Rig-920,Riggs,No,No,790,Daylight,No,No,No,No,Municipal,http://www.cityoftulsa.org/government/departments/park-and-recreation,No,No,No,No,Sun-Sat,No,No,No,No,No,No,No,Park,No,No,No,Yes,,No,No,-10672599.4552,4303027.48974
"POINT (-10663348.5409204 4322143.88460163)",Yes,317 S 167TH E AVE,Yes,No,No,No,No,No,No,No,Yes,1,Ros-317,Rose Dew,No,No,790,Daylight,No,No,No,No,Municipal,http://www.cityoftulsa.org/government/departments/park-and-recreation,No,No,No,No,Sun-Sat,No,No,No,No,No,No,No,Park,No,No,No,No,,No,No,-10663348.5409,4322143.8846
"POINT (-10683092.0415254 4319409.97280367)",No,1573 SWAN DR,Yes,No,No,No,No,No,No,No,No,1,Swa-157,Swan Lake,No,No,790,Daylight,No,No,No,No,Municipal,http://www.cityoftulsa.org/government/departments/park-and-recreation,No,No,No,No,Sun-Sat,No,No,No,No,No,No,No,Park,No,No,No,No,,No,No,-10683092.0415,4319409.9728
"POINT (-10692422.3471044 4317761.50701331)",No,2726 S 53RD W AVE,No,No,No,No,No,No,No,No,No,1,Sta-272,Standard Industries Tract,No,No,790,Daylight,No,No,No,No,Municipal,http://www.cityoftulsa.org/government/departments/park-and-recreation,No,No,No,No,Sun-Sat,No,No,No,No,No,No,No,Park,No,No,No,No,,No,No,-10692422.3471,4317761.50701
"POINT (-10679008.0792548 4325889.2890829)",No,1900 N PITTSBURG AVE,No,No,Yes,Yes,No,No,No,No,Yes,1,Ute-190,Ute,No,No,790,Daylight,No,No,No,No,Municipal,http://www.cityoftulsa.org/government/departments/park-and-recreation,No,No,No,No,Sun-Sat,No,No,No,No,No,No,No,Park,No,No,No,No,,No,No,-10679008.0793,4325889.28908
"POINT (-10685958.7088689 4334657.83961396)",Yes,6502 N CINCINNATI AVE,Yes,No,Yes,Yes,Yes,No,No,No,Yes,1,Vin-650,Vining,No,No,790,Daylight,No,No,No,No,Municipal,http://www.cityoftulsa.org/government/departments/park-and-recreation,No,No,No,No,Sun-Sat,No,No,No,No,No,No,No,Park,No,No,No,No,,No,No,-10685958.7089,4334657.83961
"POINT (-10674341.3382777 4311783.17163038)",No,8445 E 58TH PL S,No,No,No,No,No,No,No,No,No,1,Woo-844,Woodland View I,No,No,790,Daylight,No,No,No,No,Municipal,http://www.cityoftulsa.org/government/departments/park-and-recreation,No,No,No,No,Sun-Sat,No,No,No,No,No,No,No,Park,No,No,No,No,,No,No,-10674341.3383,4311783.17163
"POINT (-10683622.7748705 4318545.34687278)",Yes,2101 S PEORIA AVE,Yes,No,No,Yes,No,No,No,No,No,1,Woo-210,Woodward,No,No,790,Daylight,No,No,No,No,Municipal,http://www.cityoftulsa.org/government/departments/park-and-recreation,No,No,No,No,Sun-Sat,No,No,No,No,Yes,No,No,Park,No,No,No,No,,No,No,-10683622.7749,4318545.34687
"POINT (-10682736.9322237 4312311.43876454)",Yes,5328 S WHEELING AVE,Yes,Yes,Yes,Yes,No,No,No,No,No,1,Hel-532,Heller,No,No,790,Daylight,No,No,No,Yes,Municipal,http://www.cityoftulsa.org/government/departments/park-and-recreation,No,No,No,No,Sun-Sat,No,No,No,No,No,No,No,Park,No,No,No,No,,No,No,-10682736.9322,4312311.43876
"POINT (-10687976.2435244 4311671.69884873)",No,5801 S UNION AVE,No,No,Yes,Yes,No,No,No,No,No,1,Bal-580,Bales,No,No,790,Daylight,No,No,No,No,Municipal,http://www.cityoftulsa.org/government/departments/park-and-recreation,No,No,No,No,Sun-Sat,No,No,No,No,Yes,No,No,Park,No,No,No,Yes,,No,No,-10687976.2435,4311671.69885
"POINT (-10684438.3484318 4326247.2163255)",No,2134 N MADISON PL,Yes,No,Yes,Yes,Yes,No,No,No,No,1,Lac-213,Lacy,No,No,790,Daylight,Yes,Yes,No,Yes,Municipal,http://www.cityoftulsa.org/government/departments/park-and-recreation/community-and-specialty-centers/lacy-community-center,No,No,No,Yes,Sun-Sat,No,No,Yes,No,No,No,No,Park,No,No,No,No,,No,No,-10684438.3484,4326247.21633
"POINT (-10686398.423911 4327751.13501638)",Yes,101 W 28TH ST N,Yes,No,No,No,No,No,No,No,Yes,1,Wil-101,Williams,No,No,790,Daylight,No,No,No,No,Municipal,http://www.cityoftulsa.org/government/departments/park-and-recreation,No,No,No,No,Sun-Sat,No,No,No,No,Yes,No,No,Park,No,No,No,No,,No,No,-10686398.4239,4327751.13502
"POINT (-10667536.8680365 4317282.82794635)",No,2909 S 132ND E AVE,Yes,No,No,No,No,No,No,No,No,1,Eas-290,East Park Tract,No,No,790,Daylight,No,No,No,No,Municipal,http://www.cityoftulsa.org/government/departments/park-and-recreation,No,No,No,No,Sun-Sat,No,No,No,No,No,No,No,Park,No,No,No,Yes,,No,No,-10667536.868,4317282.82795
"POINT (-10671958.9972986 4313025.87270881)",No,9801 E 51ST ST S,No,Yes,No,No,No,No,No,No,No,1,Als-980,Alsuma,No,No,790,Daylight,No,No,No,No,Municipal,http://www.cityoftulsa.org/government/departments/park-and-recreation,No,No,No,No,Sun-Sat,No,No,No,No,No,No,No,Park,No,No,No,No,,No,No,-10671958.9973,4313025.87271
"POINT (-10687261.567572 4324507.26905009)",No,1205 W Newton St,Yes,No,No,No,No,No,No,No,No,,Pro-120,Project Accept Traice Elementary,No,No,,,No,No,No,No,School,,No,No,No,No,,No,No,No,No,No,No,No,,No,No,No,No,,No,No,-10687261.5676,4324507.26905
"POINT (-10672034.5709081 4316096.29020343)",Yes,3443 S MINGO RD,Yes,No,Yes,Yes,No,No,No,Yes,No,1,Hic-344,Hicks,No,No,790,Daylight,No,No,No,Yes,Municipal,http://www.cityoftulsa.org/government/departments/park-and-recreation/community-and-specialty-centers/hicks-community-center,No,No,No,No,Sun-Sat,No,No,Yes,No,Yes,No,No,Park,No,No,No,Yes,,No,No,-10672034.5709,4316096.2902
"POINT (-10690767.8269616 4315015.91409946)",No,3909 W 41ST ST,Yes,No,Yes,Yes,No,No,No,No,No,1,Cha-390,Challenger 7,No,No,790,Daylight,No,No,No,No,Municipal,http://www.cityoftulsa.org/government/departments/park-and-recreation,No,No,No,No,Sun-Sat,Yes,No,No,No,Yes,No,No,Park,No,No,No,No,,No,No,-10690767.827,4315015.9141
"POINT (-10684933.6163385 4326622.26525659)",Yes,2425 N HARTFORD AVE,Yes,Yes,No,No,No,No,No,No,No,1,Cra-242,Crawford,No,No,790,Daylight,No,No,No,No,Municipal,http://www.cityoftulsa.org/government/departments/park-and-recreation,No,No,No,No,Sun-Sat,No,No,No,No,Yes,No,No,Park,No,No,No,Yes,,No,No,-10684933.6163,4326622.26526
"POINT (-10669318.1917109 4312996.08509311)",No,12148 E 51ST ST S,No,No,Yes,Yes,No,No,No,No,No,1,Hil-121,Hilti,No,No,790,Daylight,No,No,No,No,Municipal,http://www.cityoftulsa.org/government/departments/park-and-recreation,No,No,No,No,Sun-Sat,No,No,No,No,Yes,No,No,Park,No,No,No,Yes,,No,No,-10669318.1917,4312996.08509
"POINT (-10687517.6216271 4334412.56070297)",No,2505 W 66T ST N,No,No,No,No,No,No,No,No,No,1,Lum-250,Lumpkin,No,No,790,Daylight,No,No,No,No,Municipal,http://www.cityoftulsa.org/government/departments/park-and-recreation,No,No,No,No,Sun-Sat,No,No,No,No,No,No,No,Park,No,No,No,No,,No,No,-10687517.6216,4334412.5607
"POINT (-10676729.1303613 4315804.45057367)",No,5949 E 36TH PL,No,No,Yes,Yes,No,No,No,No,No,1,Mit-594,Mitchell,No,No,790,Daylight,No,No,No,No,Municipal,http://www.cityoftulsa.org/government/departments/park-and-recreation,No,No,No,No,Sun-Sat,No,No,No,No,No,No,No,Park,No,No,No,No,,No,No,-10676729.1304,4315804.45057
"POINT (-10679544.7286623 4333174.41197051)",No,3435 E 56TH ST N,No,No,No,No,No,No,No,No,No,1,Nor-343,North 56th St Tract,No,No,790,Daylight,No,No,No,No,Municipal,http://www.cityoftulsa.org/government/departments/park-and-recreation,No,No,No,No,Sun-Sat,No,No,No,No,No,No,No,Park,No,No,No,No,,No,No,-10679544.7287,4333174.41197
"POINT (-10691915.9874801 4321134.42034325)",Yes,531 S 49TH W AVE,Yes,No,No,Yes,No,No,No,No,No,1,Pen-531,Penney,No,No,790,Daylight,Yes,No,No,No,Municipal,http://www.cityoftulsa.org/government/departments/park-and-recreation,No,No,No,Yes,Sun-Sat,No,No,No,No,No,No,No,Park,No,No,No,No,,No,No,-10691915.9875,4321134.42034
"POINT (-10682273.484623 4325033.5431524)",No,2223 E PINE ST,Yes,Yes,Yes,No,No,No,No,No,No,1,Spr-222,Springdale,No,No,790,Daylight,No,No,No,No,Municipal,http://www.cityoftulsa.org/government/departments/park-and-recreation,No,No,No,Yes,Sun-Sat,Yes,No,No,No,No,No,No,Park,No,No,No,No,,No,No,-10682273.4846,4325033.54315
"POINT (-10674329.1358236 4317790.46344333)",No,2877 S 77TH E AVE,Yes,No,No,No,No,No,No,No,No,1,Ter-287,Terrace,No,No,790,Daylight,No,No,No,No,Municipal,http://www.cityoftulsa.org/government/departments/park-and-recreation,No,No,No,No,Sun-Sat,No,No,No,No,No,No,No,Park,No,No,No,No,,No,No,-10674329.1358,4317790.46344
"POINT (-10684580.0570785 4320890.99601961)",No,1122 S FRANKFORT AVE,No,No,No,No,No,No,No,No,No,1,Gun-112,Gunboat North,No,No,790,Daylight,No,No,No,No,Municipal,http://www.cityoftulsa.org/government/departments/park-and-recreation,No,No,No,No,Sun-Sat,No,No,No,No,No,No,No,Park,No,No,No,No,,No,No,-10684580.0571,4320890.99602
"POINT (-10681722.692657 4325352.12626202)",No,1627 N ATLANTA PL,No,No,No,No,No,No,No,No,No,1,Ada-162,Adams,No,No,790,Daylight,No,No,No,No,Municipal,http://www.cityoftulsa.org/government/departments/park-and-recreation,No,No,No,No,Sun-Sat,No,No,No,No,No,No,No,Park,No,No,No,No,,No,No,-10681722.6927,4325352.12626
"POINT (-10689341.6353476 4313430.38546582)",Yes,2802 W 48TH ST S,Yes,No,No,Yes,No,No,No,No,Yes,1,Car-280,Carbondale,No,No,790,Daylight,Yes,No,No,No,Municipal,http://www.cityoftulsa.org/government/departments/park-and-recreation,No,No,No,No,Sun-Sat,Yes,No,No,No,No,No,No,Park,No,No,No,No,,No,No,-10689341.6353,4313430.38547
"POINT (-10674306.6344876 4308545.13653984)",Yes,7714 E 71ST ST,Yes,No,Yes,Yes,No,No,No,Yes,No,1,Lea-771,Leake,No,No,790,Daylight,No,No,No,Yes,Municipal,http://www.cityoftulsa.org/government/departments/park-and-recreation,No,No,No,No,Sun-Sat,No,No,No,No,No,No,No,Park,No,No,No,No,,No,No,-10674306.6345,4308545.13654
"POINT (-10676105.9035523 4330035.27592811)",Yes,5701 E 36TH ST N,Yes,No,No,No,No,No,No,No,No,1,Tul-570,Mohawk Park,No,No,790,Daylight,No,No,No,No,Municipal,http://www.cityoftulsa.org/government/departments/park-and-recreation,No,No,No,No,Sun-Sat,No,No,No,No,Yes,No,No,Park,No,No,No,Yes,,No,No,-10676105.9036,4330035.27593
"POINT (-10682985.0282289 4325996.08663458)",Yes,1818 E VIRGIN AVE,Yes,Yes,Yes,No,No,No,No,No,No,1,Fra-181,"Franklin, BC",No,No,790,Daylight,No,No,No,No,Municipal,http://www.cityoftulsa.org/government/departments/park-and-recreation,No,No,No,Yes,Sun-Sat,No,No,No,No,No,No,No,Park,No,No,No,Yes,,No,No,-10682985.0282,4325996.08663
"POINT (-10664155.0372218 4330952.75681184)",Yes,16150 REDBUD DR,No,No,No,No,No,No,No,No,No,1,Red-161,Redbud Valley Nature Preserve,No,No,790,Daylight,No,No,No,No,Municipal,http://www.cityoftulsa.org/government/departments/park-and-recreation/community-and-specialty-centers/oxley-nature-center-and-redbud-valley,No,No,No,No,Sun-Sat,No,No,No,No,Yes,No,No,Park,No,No,No,Yes,,No,No,-10664155.0372,4330952.75681
"POINT (-10668868.6284188 4319541.46743161)",Yes,1714 S 123RD E AVE,No,No,No,Yes,No,No,No,No,No,1,Joh-171,Johnson H.B.,No,No,790,Daylight,No,No,No,No,Municipal,http://www.cityoftulsa.org/government/departments/park-and-recreation,No,No,No,No,Sat-Sun,Yes,No,No,No,No,No,No,Park,No,No,No,Yes,,No,No,-10668868.6284,4319541.46743
"POINT (-10684481.5087827 4311247.82088239)",Yes,6002 S RIVERSIDE RD,Yes,No,Yes,Yes,No,No,No,No,No,1,Fre-600,Fred Johnson,No,No,790,Daylight,Yes,No,No,No,Municipal,http://www.cityoftulsa.org/government/departments/park-and-recreation,No,No,No,Yes,Sun-Sat,No,No,No,No,No,No,No,Park,No,No,No,No,,No,No,-10684481.5088,4311247.82088
"POINT (-10678991.7025211 4308378.98215919)",No,7433 S PITTSBURG AVE,No,No,No,No,No,No,No,No,No,1,Joh-743,Johnson Paul,No,No,790,Daylight,No,No,No,No,Municipal,http://www.cityoftulsa.org/government/departments/park-and-recreation,No,No,No,No,Sun-Sat,No,No,No,No,No,No,No,Park,No,No,No,Yes,,No,No,-10678991.7025,4308378.98216
"POINT (-10684928.0305835 4317763.50596928)",Yes,2650 S John Williams Way E,Yes,No,No,Yes,Yes,No,Yes,No,No,1,Gat-265,Gathering Place,No,Yes,790,Daylight,Yes,No,Yes,Yes,Other,http://www.gatheringplace.org/,Yes,No,No,Yes,Sun-Sat,Yes,No,No,No,Yes,No,No,Park,Yes,No,No,Yes,530,No,No,-10684928.0306,4317763.50597
"POINT (-10689592.9700245 4323074.64967788)",No,3101 W Edison St,No,No,No,No,No,No,No,No,No,,Cen-310,Central,No,No,,,No,No,No,No,School,,No,No,No,No,,Yes,No,No,No,No,No,No,,No,No,No,No,,No,No,-10689592.97,4323074.64968
"POINT (-10677949.5516035 4320801.98879382)",Yes,1135 S Yale Ave,No,No,No,No,No,No,No,No,No,,Str-113,Street,No,No,,,No,No,No,No,School,,No,No,No,No,,No,No,No,No,No,No,No,,No,No,No,No,,No,No,-10677949.5516,4320801.98879
"POINT (-10682349.320018 4327292.88221981)",No,2703 N Yorktown Pl,Yes,No,No,No,No,No,No,No,No,,Dua-270,Dual Language Academy,No,No,,,No,No,No,No,School,,No,No,No,No,,No,No,No,No,No,No,No,,No,No,No,No,,No,No,-10682349.32,4327292.88222
"POINT (-10683907.5274892 4331700.37666556)",No,4929 N Peoria Ave,No,No,Yes,No,No,No,No,No,No,,Mcl-492,Mclain,No,No,,,No,No,No,No,School,,No,No,No,No,,Yes,No,No,No,No,No,No,,No,No,No,No,,No,No,-10683907.5275,4331700.37667
"POINT (-10680374.7876656 4312066.13427817)",No,3111 E 56th St,Yes,No,No,No,No,No,No,No,No,,Eis-311,Eisenhower International,No,No,,,No,No,No,No,School,,No,No,No,Yes,,No,No,No,No,No,No,No,,No,No,No,No,,No,No,-10680374.7877,4312066.13428
"POINT (-10680122.8836948 4312033.88889985)",No,3213 E 56th St,Yes,No,No,No,No,No,No,No,No,,Gri-321,Grimes,No,No,,,No,No,No,No,School,,No,No,No,No,,No,No,No,No,No,No,No,,No,No,No,No,,No,No,-10680122.8837,4312033.8889
"POINT (-10676984.3323383 4315908.65162473)",No,3613 S Hudson Ave,Yes,No,No,No,No,No,No,No,No,,Zar-361,Zarrow International,No,No,,,No,No,No,No,School,,No,No,No,No,,No,No,No,No,No,No,No,,No,No,No,No,,No,No,-10676984.3323,4315908.65162
"POINT (-10689283.2400956 4313307.09382737)",No,2721 W 50th St,Yes,No,No,No,No,No,No,No,No,,Rob-272,Robertson,No,No,,,No,No,No,No,School,,No,No,No,Yes,,No,No,No,No,No,No,No,,No,No,No,No,,No,No,-10689283.2401,4313307.09383
"POINT (-10674581.0839584 4311829.22456486)",No,7625 E 58th St,Yes,No,No,No,No,No,No,No,No,,Sal-762,Salk,No,No,,,No,No,No,No,School,,No,No,No,No,,No,No,No,No,No,No,No,,No,No,No,No,,No,No,-10674581.084,4311829.22456
"POINT (-10669375.7308981 4318153.25334601)",No,11702 E 25th St,Yes,No,No,No,No,No,No,No,No,,Dis-117,Disney ,No,No,,,No,No,No,No,School,,No,No,No,No,,No,No,No,No,No,No,No,,No,No,No,No,,No,No,-10669375.7309,4318153.25335
"POINT (-10672804.740249 4317406.05941892)",No,2714 S 90th Ave E,Yes,No,No,No,No,No,No,No,No,,Ske-271,Skelly (PreK - 1st),No,No,,,No,No,No,No,School,,No,No,No,No,,No,No,No,No,No,No,No,,No,No,No,No,,No,No,-10672804.7402,4317406.05942
"POINT (-10672804.7018391 4317118.39122642)",No,2940 S 90th Ave E,Yes,No,No,No,No,No,No,No,No,,Ske-294,Skelly (2nd - 6th),No,No,,,No,No,No,No,School,,No,No,No,No,,No,No,No,No,No,No,No,,No,No,No,No,,No,No,-10672804.7018,4317118.39123
"POINT (-10682662.1746673 4327551.59443753)",No,1921 E 29th St N,Yes,No,No,No,No,No,No,No,No,,And-192,Anderson,No,No,,,No,No,No,No,School,,No,No,No,No,,No,No,No,No,No,No,No,,No,No,No,No,,No,No,-10682662.1747,4327551.59444
"POINT (-10684009.7862136 4328641.93495583)",No,1105 E 33rd St N,Yes,No,No,No,No,No,No,No,No,,Haw-110,Hawthorne,No,No,,,No,No,No,No,School,,No,No,No,No,,No,No,No,No,No,No,No,,No,No,No,No,,No,No,-10684009.7862,4328641.93496
"POINT (-10691114.6727184 4322339.72605495)",No,4132 W Cameron St,Yes,No,No,No,No,No,No,No,No,,Way-413,Wayman Tisdale Fine Arts Academy ,No,No,,,No,No,No,No,School,,No,No,No,Yes,,No,No,No,No,No,No,No,,No,No,No,No,,No,No,-10691114.6727,4322339.72605
"POINT (-10691126.2374345 4321185.53713074)",No,541 S 43rd Ave W,Yes,Yes,No,No,No,No,No,No,No,,Mar-541,Mark Twain,No,No,,,No,No,No,No,School,,No,No,No,No,,No,No,No,No,No,No,No,,No,No,No,No,,No,No,-10691126.2374,4321185.53713
"POINT (-10675089.1065355 4318576.92551491)",No,2182 S 73rd Ave E,Yes,No,No,No,No,No,No,No,No,,Mac-218,Macarthur,No,No,,,No,No,No,No,School,,No,No,No,No,,No,No,No,No,No,No,No,,No,No,No,No,,No,No,-10675089.1065,4318576.92551
"POINT (-10686062.8454686 4332947.04426046)",No,5550 N Martin Luther King Jr Blvd,Yes,Yes,No,No,No,No,No,No,No,,Gil-555,Gilcrease,No,No,,,No,No,No,No,School,,No,No,No,No,,No,No,No,No,No,No,No,,No,No,No,No,,No,No,-10686062.8455,4332947.04426
"POINT (-10686002.8621054 4332455.42651639)",No,5402 N Martin Luther King Jr Blvd,Yes,No,No,No,No,No,No,No,No,,ECD-540,ECDC Bunche,No,No,,,No,No,No,No,School,,No,No,No,No,,No,No,No,No,No,No,No,,No,No,No,No,,No,No,-10686002.8621,4332455.42652
"POINT (-10688051.070108 4325523.78623865)",No,1789 W Seminole St,Yes,No,No,No,No,No,No,No,No,,Aca-178,Academy Central,No,No,,,No,No,No,No,School,,No,No,No,No,,No,No,No,No,No,No,No,,No,No,No,No,,No,No,-10688051.0701,4325523.78624
"POINT (-10686140.4032401 4325830.75843427)",No,1924 N Martin Luther King Jr Blvd,Yes,No,No,No,No,No,No,No,No,,Bur-192,Burroughs ,No,No,,,No,No,No,No,School,,No,No,No,No,,No,No,No,No,No,No,No,,No,No,No,No,,No,No,-10686140.4032,4325830.75843
"POINT (-10681177.8748395 4320855.32736454)",No,1127 S Columbia Ave,Yes,Yes,No,No,No,No,No,No,No,,May-112,Mayo Demonstration,No,No,,,No,No,No,No,School,,No,No,No,No,,No,No,No,No,No,No,No,,No,No,No,No,,No,No,-10681177.8748,4320855.32736
"POINT (-10687263.1260985 4322390.14454652)",No,1202 W Easton St,No,No,No,No,No,No,No,No,No,,Art-120,Arts & Sciences @ Roosevelt,No,No,,,No,No,No,No,School,,No,No,No,No,,No,No,No,No,No,No,No,,No,No,No,No,,No,No,-10687263.1261,4322390.14455
"POINT (-10682588.2435013 4310800.29692146)",No,1770 E 61st St,Yes,No,No,No,No,No,No,No,No,,Mcc-177,McClure Elementary School,No,No,,,No,No,No,No,School,,No,No,No,Yes,,No,No,No,No,No,No,No,,No,No,No,No,,No,No,-10682588.2435,4310800.29692
"POINT (-10684183.2625253 4311898.11259578)",No,1142 E 56th St,Yes,No,No,No,No,No,No,No,No,,Mar-114,Marshall ,No,No,,,No,No,No,No,School,,No,No,No,No,,No,No,No,No,No,No,No,,No,No,No,No,,No,No,-10684183.2625,4311898.1126
"POINT (-10679474.9767472 4314915.34187546)",No,3820 E 41st St,Yes,No,No,No,No,No,No,No,No,,Pat-382,Patrick Henry,No,No,,,No,No,No,No,School,,No,No,No,No,,No,No,No,No,No,No,No,,No,No,No,No,,No,No,-10679474.9767,4314915.34188
"POINT (-10684252.3475498 4314066.00579299)",No,1110 E 45th Pl,Yes,No,No,No,No,No,No,No,No,,Wri-111,Wright,No,No,,,No,No,No,No,School,,No,No,No,No,,No,No,No,No,No,No,No,,No,No,No,No,,No,No,-10684252.3475,4314066.00579
"POINT (-10683520.0908928 4315919.22371831)",No,1442 E 36th St,Yes,Yes,No,No,No,No,No,No,No,,Eli-144,Eliot,No,No,,,No,No,No,No,School,,No,No,No,Yes,,No,No,No,No,No,No,No,,No,No,No,No,,No,No,-10683520.0909,4315919.22372
"POINT (-10682347.625536 4331497.59994986)",No,2138 E 48th St N,Yes,No,No,No,No,No,No,No,No,,Pen-213,Penn ,No,No,,,No,No,No,No,School,,No,No,No,No,,No,No,No,No,No,No,No,,No,No,No,No,,No,No,-10682347.6255,4331497.59995
"POINT (-10684698.4078991 4329603.52608561)",No,3924 N Lansing Ave,Yes,No,No,No,No,No,No,No,No,,Whi-392,Whitman,No,No,,,No,No,No,No,School,,No,No,No,No,,No,No,No,No,No,No,No,,No,No,No,No,,No,No,-10684698.4079,4329603.52609
"POINT (-10674990.0787107 4323457.89145215)",No,733 N 73rd Ave E,Yes,No,No,No,No,No,No,No,No,,Mit-733,Mitchell,No,No,,,No,No,No,No,School,,No,No,No,No,,No,No,No,No,No,No,No,,No,No,No,No,,No,No,-10674990.0787,4323457.89145
"POINT (-10675651.9671709 4323975.49276554)",No,6703 E King St,Yes,No,No,No,No,No,No,No,No,,Mck-670,McKinley,No,No,,,No,No,No,No,School,,No,No,No,No,,No,No,No,No,No,No,No,,No,No,No,No,,No,No,-10675651.9672,4323975.49277
"POINT (-10676298.6944961 4322587.39892912)",Yes,6304 E Admiral Blvd,Yes,Yes,No,No,No,No,No,No,No,,Bel-630,Bell,No,No,,,No,No,No,No,School,,No,No,No,No,,No,No,No,No,No,No,No,,No,No,No,No,,No,No,-10676298.6945,4322587.39893
"POINT (-10681744.2733157 4324900.93902259)",No,2510 E Pine St,Yes,Yes,No,No,No,No,No,No,No,,Spr-251,Springdale,No,No,,,No,No,No,No,School,,No,No,No,No,,No,No,No,No,No,No,No,,No,No,No,No,,No,No,-10681744.2733,4324900.93902
"POINT (-10678976.6538482 4326148.62486687)",No,2137 N Pittsburg Ave,Yes,No,No,No,No,No,No,No,No,,Uni-213,Unity Learning Academy ,No,No,,,No,No,No,No,School,,No,No,No,No,,No,No,No,No,No,No,No,,No,No,No,No,,No,No,-10678976.6538,4326148.62487
"POINT (-10680180.6258333 4325458.75622155)",No,1740 N Harvard Ave,Yes,No,No,No,No,No,No,No,No,,Cel-174,Celia Clinton,No,No,,,No,No,No,No,School,,No,No,No,No,,No,No,No,No,No,No,No,,No,No,No,No,,No,No,-10680180.6258,4325458.75622
"POINT (-10678348.7647383 4324112.19694332)",No,1132 N Vandalia Ave,Yes,No,No,No,No,No,No,No,No,,Owe-113,Owen,No,No,,,No,No,No,No,School,,No,No,No,No,,No,No,No,No,No,No,No,,No,No,No,No,,No,No,-10678348.7647,4324112.19694
"POINT (-10676281.9717709 4326478.37947693)",No,2316 N Norwood Pl,Yes,Yes,No,No,No,No,No,No,No,,Ham-231,Hamilton,No,No,,,No,No,No,No,School,,No,No,No,No,,No,No,No,No,No,No,No,,No,No,No,No,,No,No,-10676281.9718,4326478.37948
"POINT (-10676514.5123344 4322451.91753878)",Yes,209 S Lakewood Ave,Yes,Yes,No,No,No,No,No,No,No,,Tul-209,Tulsa Honor @ Bell Primary ,No,No,,,No,No,No,No,School,,No,No,No,No,,No,No,No,No,No,No,No,,No,No,No,No,,No,No,-10676514.5123,4322451.91754
"POINT (-10677471.5828534 4318431.75907331)",No,2327 S Darlington Ave,Yes,No,No,No,No,No,No,No,No,,Hoo-232,Hoover,No,No,,,No,No,No,No,School,,No,No,No,No,,No,No,No,No,No,No,No,,No,No,No,No,,No,No,-10677471.5829,4318431.75907
"POINT (-10676896.7030359 4311779.51656007)",Yes,5702 S Irvington Ave,Yes,No,No,No,No,No,No,No,No,,Key-570,Key,No,No,,,No,No,No,No,School,,No,No,No,No,,No,No,No,No,No,No,No,,No,No,No,No,,No,No,-10676896.703,4311779.51656
"POINT (-10679995.2537738 4319403.52436321)",No,1727 S Harvard Ave,Yes,Yes,No,No,No,No,No,No,No,,Lan-172,Lanier,No,No,,,No,No,No,No,School,,No,No,No,No,,No,No,No,No,No,No,No,,No,No,No,No,,No,No,-10679995.2538,4319403.52436
"POINT (-10684864.141652 4319108.51204323)",No,1920 S Cincinnati Ave,Yes,Yes,No,No,No,No,No,No,No,,Cou-192,Council Oak  ,No,No,,,No,No,No,No,School,,No,No,No,Yes,,No,No,No,No,No,No,No,,No,No,No,No,,No,No,-10684864.1417,4319108.51204
"POINT (-10675123.7574383 4319940.13668815)",No,1515 S 71st Ave E,Yes,No,No,No,No,No,No,No,No,,Jon-151,Jones,No,No,,,No,No,No,No,School,,No,No,No,No,,No,No,No,No,No,No,No,,No,No,No,No,,No,No,-10675123.7574,4319940.13669
"POINT (-10670936.505635 4317778.84363284)",No,10620 E 27th St,Yes,Yes,No,No,No,No,No,No,No,,Dol-106,Dolores Huerta ,No,No,,,No,No,No,No,School,,No,No,No,No,,No,No,No,No,No,No,No,,No,No,No,No,,No,No,-10670936.5056,4317778.84363
"POINT (-10670635.554044 4319531.81806254)",No,10818 E 17th St,Yes,No,No,No,No,No,No,No,No,,Pea-108,Peary,No,No,,,No,No,No,No,School,,No,No,No,Yes,,No,No,No,No,No,No,No,,No,No,No,No,,No,No,-10670635.554,4319531.81806
"POINT (-10668929.2344131 4319445.67691063)",No,1808 S 123rd Ave E,Yes,No,No,No,No,No,No,No,No,,Coo-180,Cooper,No,No,,,No,No,No,No,School,,No,No,No,Yes,,No,No,No,No,No,No,No,,No,No,No,No,,No,No,-10668929.2344,4319445.67691
"POINT (-10673002.1032897 4321143.11630555)",Yes,931 S 89th Ave E,Yes,Yes,No,No,No,No,No,No,No,,Lin-931,Lindbergh,No,No,,,No,No,No,No,School,,No,No,No,Yes,,No,No,No,No,No,No,No,,No,No,No,No,,No,No,-10673002.1033,4321143.11631
"POINT (-10669713.3164292 4322241.270622)",No,202 S 117th Ave E,Yes,No,No,No,No,No,No,No,No,,Ker-202,Kerr,No,No,,,No,No,No,No,School,,No,No,No,No,,No,No,No,No,No,No,No,,No,No,No,No,,No,No,-10669713.3164,4322241.27062
"POINT (-10681629.4082847 4323392.01770137)",No,724 N Birmingham Ave,Yes,No,No,No,No,No,No,No,No,,Seq-724,Sequoyah,No,No,,,No,No,No,No,School,,No,No,No,Yes,,No,No,No,No,No,No,No,,No,No,No,No,,No,No,-10681629.4083,4323392.0177
"POINT (-10679305.1301583 4321866.66238674)",No,3909 E 5th Pl,No,No,No,No,No,No,No,No,No,,Rog-390,Rogers College,No,No,,,No,No,No,No,School,,No,No,No,No,,No,No,No,No,No,No,No,,No,No,No,No,,No,No,-10679305.1302,4321866.66239
"POINT (-10688362.7920645 4315223.81121632)",No,1919 W 40th St,No,No,No,No,No,No,No,No,No,,Web-191,Webster,No,No,,,No,No,No,No,School,,No,No,No,No,,No,No,No,No,No,No,No,,No,No,No,No,,No,No,-10688362.7921,4315223.81122
"POINT (-10677194.801698 4311615.77578231)",No,5840 S Hudson Ave,No,No,Yes,No,No,No,No,No,No,,Mem-584,Memorial,No,No,,,No,No,No,No,School,,No,No,No,Yes,,No,No,No,No,No,No,No,,No,No,No,No,,No,No,-10677194.8017,4311615.77578
"POINT (-10683425.5918519 4326622.50245429)",No,1514 E Zion St,No,No,Yes,No,No,No,No,No,No,,Was-151,Washington,No,No,,,No,No,No,No,School,,No,No,No,No,,No,No,No,No,No,No,No,,No,No,No,No,,No,No,-10683425.5919,4326622.50245
"POINT (-10680674.3826332 4314930.82557248)",No,2906 E 41st St,No,No,No,No,No,No,No,No,No,,Edi-290,Edison Preparatory,No,No,,,No,No,No,No,School,,No,No,No,Yes,,Yes,No,No,No,No,No,No,,No,No,No,No,,No,No,-10680674.3826,4314930.82557
"POINT (-10675175.5571405 4318827.77962364)",No,6960 E 21st St,No,No,Yes,No,No,No,No,No,No,,Hal-696,Hale,No,No,,,No,No,No,No,School,,No,No,No,No,,Yes,No,No,No,No,No,No,,No,No,No,No,,No,No,-10675175.5571,4318827.77962
"POINT (-10668998.1749601 4320900.08259684)",No,12150 E 11th St,No,No,No,No,No,No,No,No,No,,Eas-121,East Central,No,No,,,No,No,No,No,School,,No,No,No,Yes,,No,No,No,No,No,No,No,,No,No,No,No,,No,No,-10668998.175,4320900.0826
"POINT (-10688691.0075602 4314868.73962915)",No,2224 W 41st St,Yes,No,No,No,No,No,No,No,No,,Cli-222,Clinton West,No,No,,,No,No,No,No,School,,No,No,No,No,,No,No,No,No,No,No,No,,No,No,No,No,,No,No,-10688691.0076,4314868.73963
"POINT (-10675396.842451 4318561.27011919)",No,2177 S 67th Ave E,No,No,No,No,No,No,No,No,No,,Hal-217,Hale,No,No,,,No,No,No,No,School,,No,No,No,Yes,,Yes,No,No,No,No,No,No,,No,No,No,No,,No,No,-10675396.8425,4318561.27012
"POINT (-10685023.3989895 4324828.73187783)",Yes,624 E Oklahoma Pl,No,No,No,No,No,No,No,No,No,,Car-624,Carver,No,No,,,No,No,No,No,School,,No,No,No,No,,No,No,No,No,No,No,No,,No,No,No,No,,No,No,-10685023.399,4324828.73188
"POINT (-10683259.3963996 4326122.81398106)",No,1661 E Virgin St,No,No,No,No,No,No,No,No,No,,Kip-166,Kipp Tulsa College Preparatory @ Woods,No,No,,,No,No,No,No,School,,No,No,No,No,,No,No,No,No,No,No,No,,No,No,No,No,,No,No,-10683259.3964,4326122.81398
"POINT (-10685358.7349343 4331045.70325479)",No,525 E 46th St N,No,No,No,No,No,No,No,No,No,,Mcl-525,Mclain Seventh Grade Academy,No,No,,,No,No,No,No,School,,No,No,No,No,,No,No,No,No,No,No,No,,No,No,No,No,,No,No,-10685358.7349,4331045.70325
"POINT (-10682670.4019519 4331451.33173574)",No,2010 E 48th St N,Yes,No,No,No,No,No,No,No,No,,Mon-201,Monroe Demonstration Academy,No,No,,,No,No,No,No,School,,No,No,No,Yes,,No,No,No,No,No,No,No,,No,No,No,No,,No,No,-10682670.402,4331451.33174
"POINT (-10668900.3035438 4319099.61047727)",No,12121 E 21st St,No,No,No,No,No,No,No,No,No,,Eas-121,East Central,No,No,,,No,No,No,No,School,,No,No,No,Yes,,No,No,No,No,No,No,No,,No,No,No,No,,No,No,-10668900.3035,4319099.61048
"POINT (-10674661.1478063 4308904.93318)",No,7370 E 71st St,No,Yes,No,No,No,No,No,No,No,,Tho-737,Thoreau Demonstration Academy,No,No,,,No,No,No,No,School,,No,No,No,Yes,,No,No,No,No,No,No,No,,No,No,No,No,,No,No,-10674661.1478,4308904.93318
"POINT (-10679842.3335712 4323065.48016845)",No,3441 E Archer St,Yes,No,No,No,No,No,No,No,No,,Pho-344,Phoenix Rising,No,No,,,No,No,No,No,School,,No,No,No,No,,No,No,No,No,No,No,No,,No,No,No,No,,No,No,-10679842.3336,4323065.48017
"POINT (-10671501.2019413 4317918.12044375)",No,2525 S 101st Ave E,Yes,No,No,No,No,No,No,No,No,,Col-252,College Bound @ Eastside,No,No,,,No,No,No,No,School,,No,No,No,No,,No,No,No,No,No,No,No,,No,No,No,No,,No,No,-10671501.2019,4317918.12044
"POINT (-10686058.3253229 4334416.67371058)",No,105 E 63rd St N,Yes,No,No,No,No,No,No,No,No,,Tul-105,Tulsa Legacy: Primary Academy @ Greeley,No,No,,,No,No,No,No,School,,No,No,No,No,,No,No,No,No,No,No,No,,No,No,No,No,,No,No,-10686058.3253,4334416.67371
"POINT (-10683899.2848352 4333716.69370099)",No,6001 N Peoria Ave,Yes,No,No,No,No,No,No,No,No,,Tul-600,Tulsa Legacy: Upper Academy @ Cherokee,No,No,,,No,No,No,No,School,,No,No,No,No,,No,No,No,No,No,No,No,,No,No,No,No,,No,No,-10683899.2848,4333716.6937
"POINT (-10675064.384266 4309777.12039247)",Yes,6646 S 73rd Ave E,Yes,Yes,No,No,No,No,No,No,No,,Gri-664,Grissom,No,No,,,No,No,No,No,School,,No,No,No,No,,No,No,No,No,No,No,No,,No,No,No,No,,No,No,-10675064.3843,4309777.12039
"POINT (-10686173.9919604 4323659.5497025)",No,910 N Martin Luther King Jr Blvd,Yes,No,No,No,No,No,No,No,No,,Eme-910,Emerson ,No,No,,,No,No,No,No,School,,No,No,No,No,,No,No,No,No,No,No,No,,No,No,No,No,,No,No,-10686173.992,4323659.5497
